"AY129330.2 Mycobacterium phage Che8, complete genome","DQ398045.1 Mycobacterium phage Llij, complete genome","DQ398050.1 Mycobacterium phage PMC, complete genome","EF536069.1 Mycobacterium phage Tweety, complete genome","EU816590.1 Mycobacterium phage Boomer, complete genome","FJ174690.1 Mycobacterium phage Fruitloop, complete genome","FJ174692.1 Mycobacterium phage Pacc40, complete genome","FJ174693.1 Mycobacterium phage Ramsey, complete genome","GU060500.1 Mycobacterium phage Ardmore, complete genome","HQ728524.1 Mycobacterium phage Wee, complete genome","JF704117.1 Mycobacterium phage RockyHorror, complete genome","JF937093.1 Mycobacterium phage DLane, complete genome","JF937098.1 Mycobacterium phage Ibhubesi, complete genome","JF937102.1 Mycobacterium phage Mozy, complete genome","JN020141.2 Mycobacterium phage Shauna1, complete genome","JN020142.1 Mycobacterium phage Mutaforma13, complete genome","JN020143.1 Mycobacterium phage ShiLan, complete genome","JN398368.1 Mycobacterium phage GUmbie, complete genome","JN542517.1 Mycobacterium phage Drago, complete genome","JN698996.1 Mycobacterium phage DeadP, complete genome","JN699012.1 Mycobacterium phage SG4, complete genome","JN859129.1 Mycobacterium phage DotProduct, complete genome","JQ300538.1 Mycobacterium phage Spartacus, complete genome","JX121091.1 Mycobacteriophage Taj, complete genome","JX411620.1 Mycobacterium phage Dorothy, complete genome","KC661278.1 Mycobacterium phage SiSi, complete genome","KF024723.1 Mycobacterium phage Hamulus, complete genome","KJ025956.1 Mycobacterium phage Saal, complete genome","KM066034.1 Mycobacterium phage Inventum, complete genome","KM101122.1 Mycobacterium phage Hades, complete genome","KM279937.1 Mycobacteriophage Estave1, complete genome","KM347889.1 Mycobacterium phage BuzzLyseyear, complete genome","KM652553.1 Mycobacterium phage CaptainTrips, complete genome","KR824843.1 Mycobacterium phage Ovechkin, complete genome","KR935214.1 Mycobacterium phage Kimberlium, complete genome","KR997930.1 Mycobacterium phage Florinda, complete genome","KT279576.1 Mycobacterium phage Phatniss, complete genome","KT281792.1 Mycobacterium phage PopTart, complete genome","KT281795.1 Mycobacterium phage XFactor, complete genome","KT309034.1 Mycobacterium phage Dante, complete genome","KT895280.1 Mycobacterium phage Sparkdehlily, complete genome","KX576644.1 Mycobacterium phage WillSterrel, complete genome","KX610764.1 Mycobacterium phage Kersh, complete genome","KX808131.1 Mycobacterium phage SuperGrey, complete genome","KY012363.1 Mycobacterium phage Empress, complete genome","KY348865.1 Mycobacterium phage Bubbles123, complete genome","MF190168.1 Mycobacterium phage Spoonbill, complete genome","MF668270.1 Mycobacterium phage Emma, complete genome","MF668271.1 Mycobacterium phage Geralt, complete genome","MF668281.1 Mycobacterium phage RitaG, complete genome","MF668287.1 Mycobacterium phage Wachhund, complete genome","MF919526.1 Mycobacterium phage Phasih, complete genome","MG770213.1 Mycobacterium phage OldBen, complete genome","MG872841.1 Mycobacterium phage Priscilla, complete genome","MH020235.1 Mycobacterium phage Batiatus, complete genome","MH051257.1 Mycobacterium phage OwlsT2W, complete genome","MH077578.1 Mycobacterium phage DillTech15, complete genome","MH077580.1 Mycobacterium phage Melissauren88, complete genome","MH155865.1 Mycobacterium phage BobaPhett, complete genome","MH155866.1 Mycobacterium phage Byougenkin, complete genome","MH155871.1 Mycobacterium phage Mattes, complete genome","MH371120.1 Mycobacterium phage OlympiaSaint, complete genome","MH371123.1 Mycobacterium phage Sandalphon, complete genome","MH590596.1 Mycobacterium phage Mantra, complete genome","MH590598.1 Mycobacterium phage Krakatau, complete genome","MH590602.1 Mycobacterium phage Gorge, complete genome","MH632119.1 Mycobacterium phage Harley, complete genome","MH651169.1 Mycobacterium phage Burwell21, complete genome","MH651178.1 Mycobacterium phage KristaRAM, complete genome","MH651183.1 Mycobacterium phage Nivrat, complete genome","MH669001.1 Mycobacterium phage EleanorGeorge, complete genome","MH669003.1 Mycobacterium phage Girr, complete genome","MH669005.1 Mycobacterium phage JoeyJr, complete genome","MH669012.1 Mycobacterium phage QuickMath, complete genome","MH669014.1 Mycobacterium phage Spikelee, complete genome","MH727548.1 Mycobacterium phage Galactic, complete genome","MH744415.1 Mycobacterium phage ArcusAngelus, complete genome","MH825707.1 Mycobacterium phage MilleniumForce, complete genome","MH834617.1 Mycobacterium phage Lizziana, complete genome","MK016494.1 Mycobacterium phage Filuzino, complete genome","MK016504.1 Mycobacterium phage Whouxphf, complete genome","MK112556.1 Mycobacterium phage Zerg, complete genome","MK305886.1 Mycobacterium phage Poenanya, complete genome","MK359307.1 Mycobacterium phage Ochi17, complete genome","MK494110.1 Mycobacterium phage SwagPigglett, complete genome","MK524503.1 Mycobacterium phage Fancypants, complete genome","MK875792.1 Mycobacterium phage Polka14, complete genome","MK967397.1 Mycobacterium phage Mahavrat, complete genome","MN310544.1 Mycobacterium phage Doug, complete genome","MN310545.1 Mycobacterium phage Nitzel, complete genome","MN369749.1 Mycobacterium phage MinionDave, complete genome","MN369755.1 Mycobacterium phage Minnie, complete genome","MN585975.1 Mycobacterium phage Eish, complete genome","MN585995.1 Mycobacterium phage Chuckly, complete genome","MN586001.1 Mycobacterium phage Donkeykong, complete genome","MN586011.1 Mycobacterium phage LilMoolah, complete genome","MN586012.1 Mycobacterium phage Blexus, complete genome","MN945900.1 Mycobacterium phage BodEinwohner17, complete genome","MT114164.1 Mycobacterium phage Veteran, complete genome","MT310893.1 Mycobacterium phage DRBy19, complete genome","MT684586.1 Mycobacterium phage Gandalph, complete genome","MT684593.1 Mycobacterium phage Moonbeam, complete genome","MT684601.1 Mycobacterium phage Hlubikazi, complete genome","MT889374.1 Mycobacterium phage Firehouse51, complete genome","MT897904.1 Mycobacterium phage Royals2015, complete genome","MW055915.1 Mycobacterium phage Plumbus, complete genome"
1.0,0.212,0.208,0.162,0.162,0.116,0.24,0.16,0.114,0.138,0.178,0.096,0.242,0.116,0.076,0.166,0.204,0.214,0.172,0.136,0.128,0.202,0.146,0.136,0.218,0.188,0.154,0.192,0.228,0.176,0.178,0.172,0.148,0.134,0.164,0.168,0.202,0.168,0.128,0.174,0.244,0.15,0.236,0.148,0.232,0.2,0.202,0.148,0.226,0.216,0.186,0.25,0.222,0.186,0.11,0.142,0.156,0.116,0.166,0.166,0.18,0.214,0.204,0.236,0.19,0.18,0.234,0.184,0.116,0.212,0.13,0.222,0.226,0.2,0.17,0.168,0.232,0.12,0.21,0.106,0.264,0.208,0.192,0.246,0.166,0.244,0.214,0.242,0.23,0.244,0.18,0.158,0.25,0.158,0.16,0.232,0.212,0.252,0.192,0.196,0.198,0.172,0.17,0.14,0.208,0.18
0.212,1.0,0.534,0.228,0.222,0.184,0.3,0.184,0.174,0.21,0.236,0.156,0.264,0.146,0.13,0.192,0.308,0.284,0.488,0.198,0.2,0.264,0.256,0.2,0.292,0.246,0.188,0.268,0.252,0.192,0.178,0.216,0.182,0.186,0.242,0.232,0.582,0.2,0.208,0.292,0.314,0.244,0.248,0.182,0.266,0.266,0.258,0.174,0.274,0.256,0.182,0.29,0.276,0.28,0.158,0.162,0.256,0.176,0.224,0.226,0.224,0.296,0.294,0.324,0.246,0.248,0.236,0.334,0.188,0.3,0.174,0.274,0.274,0.268,0.228,0.178,0.202,0.166,0.306,0.15,0.264,0.348,0.268,0.22,0.272,0.278,0.266,0.258,0.298,0.24,0.202,0.258,0.278,0.276,0.218,0.298,0.302,0.294,0.262,0.268,0.288,0.214,0.214,0.236,0.226,0.268
0.208,0.534,1.0,0.262,0.41,0.19,0.326,0.21,0.182,0.248,0.274,0.182,0.284,0.17,0.122,0.224,0.316,0.332,0.382,0.232,0.208,0.294,0.212,0.214,0.358,0.284,0.232,0.264,0.296,0.232,0.21,0.262,0.228,0.226,0.23,0.246,0.39,0.234,0.202,0.294,0.302,0.2,0.248,0.15,0.28,0.236,0.268,0.188,0.308,0.284,0.2,0.306,0.306,0.264,0.174,0.182,0.262,0.172,0.202,0.224,0.214,0.266,0.268,0.386,0.246,0.244,0.284,0.294,0.204,0.33,0.184,0.284,0.31,0.28,0.272,0.204,0.208,0.224,0.288,0.178,0.246,0.33,0.294,0.234,0.25,0.272,0.298,0.248,0.288,0.264,0.196,0.24,0.302,0.278,0.204,0.318,0.288,0.344,0.292,0.242,0.254,0.218,0.228,0.25,0.21,0.244
0.162,0.228,0.262,1.0,0.184,0.324,0.218,0.176,0.358,0.39,0.208,0.298,0.184,0.106,0.222,0.222,0.162,0.238,0.212,0.38,0.238,0.356,0.192,0.302,0.258,0.28,0.38,0.132,0.19,0.17,0.1,0.19,0.244,0.258,0.202,0.248,0.266,0.292,0.316,0.242,0.2,0.188,0.144,0.212,0.242,0.25,0.178,0.354,0.228,0.174,0.24,0.234,0.204,0.162,0.262,0.166,0.262,0.304,0.112,0.192,0.104,0.186,0.23,0.242,0.342,0.104,0.23,0.166,0.278,0.192,0.228,0.192,0.218,0.314,0.166,0.204,0.246,0.322,0.158,0.312,0.194,0.224,0.238,0.168,0.154,0.222,0.23,0.17,0.22,0.194,0.24,0.204,0.21,0.262,0.218,0.186,0.242,0.262,0.23,0.158,0.204,0.22,0.2,0.294,0.266,0.184
0.162,0.222,0.41,0.184,1.0,0.15,0.186,0.258,0.136,0.182,0.336,0.158,0.2,0.164,0.088,0.16,0.17,0.314,0.372,0.17,0.16,0.242,0.158,0.17,0.218,0.26,0.198,0.152,0.2,0.182,0.134,0.322,0.198,0.158,0.3,0.166,0.234,0.178,0.162,0.222,0.182,0.128,0.132,0.128,0.206,0.154,0.188,0.128,0.206,0.164,0.148,0.296,0.208,0.166,0.14,0.29,0.2,0.13,0.106,0.184,0.118,0.194,0.166,0.23,0.178,0.13,0.2,0.156,0.168,0.176,0.14,0.27,0.208,0.224,0.326,0.168,0.174,0.174,0.158,0.144,0.182,0.226,0.234,0.152,0.136,0.21,0.19,0.156,0.192,0.164,0.178,0.168,0.226,0.226,0.13,0.164,0.202,0.208,0.272,0.134,0.186,0.154,0.144,0.19,0.166,0.3
0.116,0.184,0.19,0.324,0.15,1.0,0.176,0.136,0.498,0.368,0.146,0.516,0.138,0.136,0.308,0.252,0.1,0.21,0.152,0.364,0.368,0.362,0.256,0.382,0.192,0.268,0.368,0.168,0.16,0.184,0.096,0.142,0.364,0.386,0.198,0.214,0.22,0.324,0.47,0.2,0.172,0.232,0.084,0.312,0.222,0.218,0.142,0.388,0.21,0.138,0.276,0.19,0.19,0.116,0.516,0.128,0.268,0.668,0.146,0.274,0.134,0.152,0.24,0.158,0.302,0.144,0.152,0.112,0.414,0.124,0.344,0.162,0.19,0.344,0.136,0.318,0.162,0.456,0.104,0.496,0.134,0.184,0.232,0.104,0.166,0.2,0.206,0.106,0.214,0.156,0.36,0.276,0.164,0.288,0.28,0.114,0.162,0.178,0.216,0.176,0.184,0.286,0.266,0.354,0.23,0.154
0.24,0.3,0.326,0.218,0.186,0.176,1.0,0.25,0.164,0.184,0.288,0.162,0.266,0.148,0.132,0.224,0.33,0.27,0.23,0.192,0.182,0.244,0.198,0.196,0.474,0.294,0.202,0.248,0.41,0.214,0.21,0.246,0.252,0.19,0.206,0.25,0.278,0.222,0.23,0.338,0.29,0.158,0.272,0.174,0.446,0.258,0.326,0.194,0.472,0.376,0.222,0.298,0.46,0.292,0.178,0.172,0.262,0.192,0.222,0.232,0.224,0.304,0.296,0.328,0.248,0.228,0.238,0.304,0.204,0.364,0.208,0.294,0.54,0.254,0.22,0.244,0.176,0.172,0.292,0.166,0.282,0.35,0.332,0.248,0.284,0.282,0.452,0.256,0.368,0.24,0.206,0.286,0.34,0.298,0.196,0.372,0.36,0.444,0.294,0.246,0.226,0.23,0.236,0.246,0.198,0.242
0.16,0.184,0.21,0.176,0.258,0.136,0.25,1.0,0.126,0.13,0.306,0.128,0.18,0.126,0.106,0.124,0.164,0.186,0.288,0.146,0.126,0.198,0.138,0.134,0.22,0.154,0.16,0.116,0.268,0.202,0.118,0.338,0.184,0.168,0.264,0.21,0.186,0.15,0.136,0.174,0.174,0.144,0.138,0.122,0.246,0.232,0.176,0.178,0.25,0.192,0.164,0.188,0.268,0.168,0.138,0.25,0.176,0.13,0.118,0.132,0.114,0.166,0.196,0.192,0.14,0.102,0.182,0.16,0.132,0.176,0.116,0.194,0.238,0.184,0.438,0.162,0.166,0.15,0.134,0.134,0.206,0.19,0.25,0.148,0.15,0.22,0.252,0.19,0.196,0.152,0.166,0.174,0.242,0.156,0.136,0.19,0.238,0.242,0.176,0.116,0.142,0.182,0.156,0.162,0.158,0.292
0.114,0.174,0.182,0.358,0.136,0.498,0.164,0.126,1.0,0.37,0.142,0.484,0.138,0.128,0.338,0.298,0.122,0.196,0.138,0.37,0.386,0.324,0.238,0.38,0.176,0.226,0.356,0.17,0.152,0.236,0.114,0.134,0.37,0.39,0.18,0.236,0.212,0.332,0.458,0.182,0.172,0.252,0.128,0.326,0.192,0.236,0.162,0.426,0.194,0.124,0.302,0.176,0.166,0.148,0.484,0.136,0.278,0.498,0.146,0.272,0.14,0.174,0.214,0.126,0.304,0.148,0.168,0.128,0.398,0.132,0.338,0.152,0.16,0.312,0.13,0.338,0.16,0.492,0.128,0.478,0.148,0.19,0.196,0.126,0.168,0.214,0.172,0.118,0.212,0.17,0.362,0.242,0.18,0.332,0.292,0.114,0.158,0.158,0.198,0.18,0.216,0.326,0.278,0.338,0.27,0.146
0.138,0.21,0.248,0.39,0.182,0.368,0.184,0.13,0.37,1.0,0.186,0.346,0.158,0.17,0.26,0.246,0.158,0.246,0.186,0.632,0.33,0.352,0.224,0.726,0.232,0.27,0.406,0.174,0.198,0.214,0.164,0.198,0.288,0.296,0.188,0.23,0.264,0.306,0.31,0.214,0.166,0.206,0.12,0.21,0.234,0.212,0.176,0.324,0.228,0.154,0.224,0.22,0.214,0.172,0.322,0.148,0.314,0.336,0.144,0.218,0.136,0.194,0.202,0.218,0.258,0.15,0.19,0.16,0.33,0.164,0.278,0.182,0.204,0.296,0.162,0.25,0.17,0.344,0.164,0.362,0.162,0.228,0.234,0.15,0.182,0.218,0.214,0.156,0.22,0.168,0.308,0.212,0.2,0.274,0.232,0.152,0.204,0.198,0.21,0.164,0.168,0.242,0.244,0.3,0.27,0.172
0.178,0.236,0.274,0.208,0.336,0.146,0.288,0.306,0.142,0.186,1.0,0.134,0.22,0.162,0.104,0.164,0.19,0.318,0.41,0.184,0.144,0.204,0.172,0.188,0.31,0.252,0.184,0.19,0.274,0.186,0.152,0.418,0.184,0.168,0.31,0.204,0.262,0.194,0.156,0.244,0.202,0.168,0.186,0.156,0.302,0.168,0.2,0.148,0.31,0.216,0.134,0.286,0.266,0.174,0.134,0.27,0.216,0.142,0.122,0.166,0.164,0.222,0.192,0.288,0.202,0.158,0.214,0.158,0.164,0.236,0.132,0.286,0.292,0.238,0.338,0.2,0.144,0.148,0.204,0.144,0.2,0.478,0.228,0.174,0.166,0.252,0.292,0.216,0.35,0.192,0.158,0.18,0.318,0.216,0.136,0.23,0.212,0.308,0.266,0.15,0.166,0.168,0.156,0.18,0.198,0.34
0.096,0.156,0.182,0.298,0.158,0.516,0.162,0.128,0.484,0.346,0.134,1.0,0.132,0.126,0.316,0.234,0.094,0.2,0.15,0.352,0.352,0.352,0.224,0.35,0.204,0.254,0.424,0.164,0.174,0.176,0.078,0.114,0.346,0.39,0.192,0.236,0.218,0.314,0.488,0.182,0.156,0.196,0.09,0.254,0.224,0.21,0.124,0.39,0.196,0.126,0.256,0.188,0.184,0.11,0.484,0.146,0.258,0.5,0.138,0.264,0.122,0.138,0.214,0.144,0.26,0.136,0.15,0.108,0.372,0.116,0.308,0.158,0.194,0.304,0.122,0.292,0.162,0.43,0.1,0.57,0.116,0.174,0.214,0.096,0.152,0.188,0.202,0.1,0.182,0.142,0.336,0.242,0.158,0.256,0.264,0.094,0.144,0.142,0.2,0.17,0.166,0.3,0.264,0.314,0.214,0.164
0.242,0.264,0.284,0.184,0.2,0.138,0.266,0.18,0.138,0.158,0.22,0.132,1.0,0.164,0.118,0.202,0.238,0.282,0.222,0.172,0.146,0.238,0.152,0.176,0.274,0.22,0.192,0.22,0.268,0.214,0.23,0.2,0.194,0.19,0.216,0.228,0.238,0.208,0.152,0.234,0.242,0.182,0.288,0.146,0.274,0.236,0.282,0.132,0.294,0.268,0.252,0.272,0.288,0.272,0.136,0.156,0.206,0.134,0.218,0.262,0.228,0.252,0.21,0.246,0.188,0.218,0.604,0.238,0.16,0.234,0.146,0.266,0.294,0.244,0.204,0.22,0.242,0.148,0.252,0.138,0.302,0.268,0.248,0.294,0.206,0.292,0.272,0.306,0.262,0.272,0.172,0.192,0.288,0.206,0.16,0.244,0.248,0.274,0.256,0.216,0.21,0.184,0.196,0.22,0.184,0.21
0.116,0.146,0.17,0.106,0.164,0.136,0.148,0.126,0.128,0.17,0.162,0.126,0.164,1.0,0.114,0.182,0.12,0.154,0.158,0.156,0.142,0.146,0.118,0.16,0.138,0.16,0.13,0.148,0.142,0.128,0.108,0.17,0.14,0.144,0.148,0.12,0.144,0.176,0.134,0.142,0.14,0.142,0.144,0.106,0.126,0.13,0.136,0.134,0.162,0.122,0.134,0.154,0.128,0.124,0.142,0.128,0.174,0.148,0.134,0.13,0.138,0.15,0.122,0.156,0.13,0.138,0.142,0.126,0.154,0.118,0.148,0.144,0.132,0.146,0.17,0.154,0.17,0.146,0.124,0.138,0.148,0.162,0.114,0.162,0.142,0.152,0.136,0.14,0.16,0.14,0.128,0.15,0.164,0.154,0.094,0.11,0.144,0.14,0.154,0.142,0.104,0.13,0.156,0.144,0.142,0.156
0.076,0.13,0.122,0.222,0.088,0.308,0.132,0.106,0.338,0.26,0.104,0.316,0.118,0.114,1.0,0.19,0.12,0.11,0.082,0.248,0.252,0.226,0.194,0.276,0.144,0.184,0.264,0.12,0.14,0.214,0.1,0.076,0.218,0.288,0.08,0.17,0.17,0.286,0.24,0.136,0.146,0.174,0.12,0.218,0.14,0.192,0.154,0.27,0.172,0.134,0.202,0.116,0.148,0.128,0.384,0.12,0.216,0.342,0.13,0.19,0.132,0.156,0.182,0.096,0.202,0.128,0.126,0.154,0.29,0.132,0.234,0.096,0.134,0.196,0.09,0.224,0.116,0.308,0.12,0.326,0.108,0.16,0.162,0.114,0.118,0.134,0.14,0.122,0.152,0.106,0.228,0.194,0.13,0.25,0.236,0.122,0.158,0.106,0.132,0.132,0.166,0.2,0.202,0.232,0.236,0.088
0.166,0.192,0.224,0.222,0.16,0.252,0.224,0.124,0.298,0.246,0.164,0.234,0.202,0.182,0.19,1.0,0.194,0.22,0.17,0.262,0.276,0.238,0.26,0.268,0.188,0.244,0.22,0.224,0.18,0.24,0.156,0.168,0.296,0.316,0.172,0.184,0.194,0.228,0.244,0.2,0.214,0.236,0.196,0.242,0.224,0.234,0.216,0.286,0.196,0.146,0.264,0.224,0.202,0.19,0.264,0.154,0.244,0.28,0.192,0.266,0.2,0.222,0.202,0.216,0.23,0.202,0.196,0.164,0.294,0.208,0.302,0.194,0.194,0.282,0.146,0.31,0.182,0.3,0.176,0.254,0.192,0.194,0.188,0.166,0.23,0.246,0.178,0.196,0.252,0.198,0.304,0.268,0.178,0.262,0.228,0.194,0.21,0.24,0.224,0.236,0.196,0.218,0.236,0.396,0.23,0.168
0.204,0.308,0.316,0.162,0.17,0.1,0.33,0.164,0.122,0.158,0.19,0.094,0.238,0.12,0.12,0.194,1.0,0.25,0.214,0.156,0.118,0.184,0.136,0.158,0.284,0.234,0.158,0.316,0.272,0.272,0.226,0.188,0.174,0.134,0.168,0.192,0.264,0.186,0.134,0.24,0.308,0.146,0.288,0.128,0.278,0.202,0.444,0.142,0.258,0.322,0.168,0.252,0.254,0.522,0.11,0.236,0.222,0.126,0.356,0.182,0.386,0.428,0.262,0.32,0.194,0.356,0.222,0.622,0.132,0.53,0.152,0.254,0.276,0.208,0.192,0.16,0.168,0.124,0.59,0.112,0.246,0.26,0.236,0.23,0.426,0.246,0.264,0.23,0.31,0.214,0.148,0.204,0.278,0.242,0.17,0.468,0.276,0.278,0.24,0.278,0.272,0.2,0.196,0.184,0.22,0.192
0.214,0.284,0.332,0.238,0.314,0.21,0.27,0.186,0.196,0.246,0.318,0.2,0.282,0.154,0.11,0.22,0.25,1.0,0.268,0.238,0.184,0.312,0.188,0.218,0.302,0.388,0.266,0.306,0.306,0.224,0.194,0.346,0.218,0.22,0.268,0.232,0.278,0.238,0.24,0.312,0.24,0.204,0.202,0.21,0.312,0.194,0.276,0.178,0.296,0.246,0.2,0.51,0.304,0.26,0.18,0.158,0.282,0.196,0.208,0.244,0.27,0.328,0.252,0.41,0.26,0.282,0.26,0.246,0.184,0.28,0.178,0.472,0.294,0.354,0.228,0.226,0.202,0.18,0.31,0.21,0.268,0.364,0.294,0.214,0.236,0.264,0.264,0.218,0.296,0.24,0.21,0.22,0.312,0.276,0.18,0.278,0.282,0.316,0.668,0.252,0.238,0.186,0.2,0.266,0.218,0.22
0.172,0.488,0.382,0.212,0.372,0.152,0.23,0.288,0.138,0.186,0.41,0.15,0.222,0.158,0.082,0.17,0.214,0.268,1.0,0.184,0.15,0.246,0.2,0.184,0.244,0.256,0.164,0.194,0.216,0.154,0.16,0.344,0.172,0.168,0.33,0.188,0.52,0.158,0.18,0.218,0.244,0.218,0.196,0.142,0.23,0.21,0.204,0.148,0.244,0.198,0.166,0.248,0.21,0.206,0.124,0.25,0.208,0.14,0.156,0.194,0.168,0.23,0.194,0.276,0.202,0.168,0.192,0.208,0.172,0.21,0.146,0.228,0.22,0.246,0.364,0.166,0.162,0.14,0.21,0.124,0.228,0.272,0.222,0.196,0.184,0.246,0.22,0.192,0.232,0.178,0.166,0.176,0.262,0.22,0.132,0.224,0.21,0.26,0.238,0.2,0.194,0.156,0.166,0.206,0.184,0.332
0.136,0.198,0.232,0.38,0.17,0.364,0.192,0.146,0.37,0.632,0.184,0.352,0.172,0.156,0.248,0.262,0.156,0.238,0.184,1.0,0.326,0.3,0.238,0.726,0.216,0.272,0.36,0.18,0.2,0.232,0.164,0.186,0.31,0.314,0.184,0.228,0.24,0.288,0.32,0.242,0.16,0.212,0.114,0.224,0.23,0.208,0.17,0.302,0.226,0.146,0.24,0.208,0.22,0.168,0.322,0.14,0.298,0.35,0.146,0.236,0.138,0.19,0.194,0.208,0.276,0.152,0.182,0.162,0.342,0.158,0.302,0.19,0.198,0.32,0.18,0.27,0.164,0.364,0.162,0.346,0.154,0.212,0.198,0.154,0.182,0.224,0.21,0.15,0.212,0.174,0.324,0.23,0.21,0.27,0.224,0.138,0.196,0.19,0.21,0.174,0.178,0.232,0.254,0.318,0.284,0.174
0.128,0.2,0.208,0.238,0.16,0.368,0.182,0.126,0.386,0.33,0.144,0.352,0.146,0.142,0.252,0.276,0.118,0.184,0.15,0.326,1.0,0.302,0.282,0.35,0.196,0.242,0.3,0.19,0.18,0.196,0.124,0.126,0.398,0.364,0.158,0.178,0.202,0.274,0.352,0.19,0.14,0.24,0.118,0.32,0.192,0.208,0.13,0.308,0.198,0.14,0.262,0.192,0.184,0.14,0.362,0.136,0.272,0.4,0.168,0.248,0.152,0.152,0.202,0.146,0.268,0.162,0.144,0.134,0.356,0.132,0.422,0.182,0.19,0.284,0.138,0.284,0.162,0.382,0.128,0.34,0.156,0.176,0.196,0.11,0.192,0.214,0.174,0.136,0.202,0.18,0.386,0.246,0.152,0.294,0.262,0.122,0.154,0.184,0.164,0.186,0.202,0.24,0.254,0.318,0.204,0.172
0.202,0.264,0.294,0.356,0.242,0.362,0.244,0.198,0.324,0.352,0.204,0.352,0.238,0.146,0.226,0.238,0.184,0.312,0.246,0.3,0.302,1.0,0.22,0.304,0.268,0.332,0.456,0.184,0.234,0.186,0.158,0.178,0.294,0.352,0.268,0.27,0.302,0.308,0.366,0.282,0.248,0.202,0.182,0.238,0.288,0.264,0.208,0.286,0.28,0.216,0.262,0.294,0.274,0.208,0.342,0.146,0.312,0.348,0.162,0.254,0.144,0.22,0.296,0.29,0.358,0.156,0.268,0.21,0.284,0.206,0.246,0.224,0.262,0.392,0.198,0.214,0.242,0.298,0.186,0.348,0.246,0.258,0.31,0.186,0.182,0.24,0.25,0.204,0.228,0.222,0.288,0.236,0.23,0.358,0.246,0.206,0.24,0.266,0.292,0.192,0.224,0.24,0.208,0.342,0.29,0.204
0.146,0.256,0.212,0.192,0.158,0.256,0.198,0.138,0.238,0.224,0.172,0.224,0.152,0.118,0.194,0.26,0.136,0.188,0.2,0.238,0.282,0.22,1.0,0.23,0.182,0.214,0.172,0.22,0.196,0.194,0.152,0.182,0.258,0.252,0.172,0.132,0.248,0.168,0.258,0.232,0.21,0.454,0.144,0.26,0.202,0.206,0.15,0.248,0.19,0.144,0.23,0.198,0.186,0.144,0.23,0.118,0.21,0.246,0.174,0.22,0.204,0.192,0.21,0.18,0.21,0.196,0.12,0.13,0.272,0.18,0.24,0.22,0.174,0.238,0.166,0.29,0.136,0.306,0.154,0.222,0.138,0.208,0.18,0.12,0.184,0.238,0.186,0.17,0.256,0.148,0.276,0.268,0.196,0.202,0.254,0.164,0.17,0.236,0.172,0.228,0.192,0.23,0.23,0.236,0.2,0.22
0.136,0.2,0.214,0.302,0.17,0.382,0.196,0.134,0.38,0.726,0.188,0.35,0.176,0.16,0.276,0.268,0.158,0.218,0.184,0.726,0.35,0.304,0.23,1.0,0.226,0.254,0.342,0.182,0.204,0.216,0.168,0.164,0.306,0.314,0.186,0.232,0.248,0.292,0.308,0.212,0.172,0.212,0.122,0.234,0.236,0.218,0.178,0.294,0.23,0.16,0.236,0.21,0.208,0.174,0.334,0.136,0.302,0.354,0.148,0.236,0.138,0.196,0.186,0.196,0.262,0.156,0.174,0.164,0.338,0.166,0.298,0.182,0.212,0.308,0.16,0.272,0.158,0.356,0.168,0.358,0.15,0.226,0.218,0.154,0.186,0.228,0.22,0.152,0.212,0.174,0.314,0.224,0.208,0.276,0.24,0.146,0.182,0.186,0.194,0.166,0.178,0.232,0.244,0.296,0.274,0.182
0.218,0.292,0.358,0.258,0.218,0.192,0.474,0.22,0.176,0.232,0.31,0.204,0.274,0.138,0.144,0.188,0.284,0.302,0.244,0.216,0.196,0.268,0.182,0.226,1.0,0.294,0.26,0.2,0.624,0.218,0.218,0.238,0.2,0.208,0.232,0.258,0.27,0.246,0.196,0.282,0.24,0.182,0.224,0.158,0.52,0.214,0.318,0.168,0.566,0.444,0.214,0.294,0.548,0.224,0.18,0.152,0.258,0.194,0.178,0.224,0.204,0.232,0.232,0.292,0.26,0.18,0.28,0.222,0.232,0.272,0.19,0.298,0.66,0.28,0.22,0.204,0.174,0.178,0.238,0.226,0.256,0.346,0.416,0.23,0.216,0.296,0.598,0.246,0.32,0.236,0.166,0.23,0.338,0.248,0.182,0.282,0.282,0.448,0.264,0.224,0.222,0.232,0.216,0.228,0.218,0.246
0.188,0.246,0.284,0.28,0.26,0.268,0.294,0.154,0.226,0.27,0.252,0.254,0.22,0.16,0.184,0.244,0.234,0.388,0.256,0.272,0.242,0.332,0.214,0.254,0.294,1.0,0.366,0.204,0.254,0.176,0.154,0.234,0.244,0.266,0.224,0.228,0.296,0.282,0.266,0.296,0.234,0.172,0.208,0.184,0.296,0.202,0.228,0.226,0.288,0.238,0.178,0.326,0.286,0.228,0.24,0.166,0.354,0.268,0.176,0.208,0.19,0.248,0.246,0.442,0.29,0.186,0.23,0.218,0.246,0.26,0.232,0.338,0.278,0.344,0.17,0.194,0.22,0.206,0.256,0.25,0.232,0.306,0.27,0.202,0.206,0.244,0.278,0.204,0.264,0.22,0.222,0.22,0.244,0.346,0.16,0.268,0.244,0.272,0.464,0.182,0.23,0.184,0.21,0.284,0.238,0.208
0.154,0.188,0.232,0.38,0.198,0.368,0.202,0.16,0.356,0.406,0.184,0.424,0.192,0.13,0.264,0.22,0.158,0.266,0.164,0.36,0.3,0.456,0.172,0.342,0.26,0.366,1.0,0.162,0.236,0.18,0.112,0.194,0.27,0.36,0.202,0.274,0.254,0.326,0.358,0.224,0.22,0.154,0.148,0.224,0.272,0.228,0.19,0.324,0.25,0.182,0.212,0.242,0.244,0.184,0.352,0.162,0.286,0.344,0.14,0.2,0.12,0.204,0.232,0.23,0.33,0.136,0.228,0.178,0.304,0.174,0.278,0.246,0.242,0.338,0.174,0.206,0.222,0.346,0.174,0.434,0.192,0.232,0.266,0.154,0.162,0.214,0.234,0.16,0.196,0.206,0.256,0.232,0.206,0.33,0.21,0.162,0.204,0.22,0.268,0.16,0.168,0.224,0.194,0.28,0.262,0.178
0.192,0.268,0.264,0.132,0.152,0.168,0.248,0.116,0.17,0.174,0.19,0.164,0.22,0.148,0.12,0.224,0.316,0.306,0.194,0.18,0.19,0.184,0.22,0.182,0.2,0.204,0.162,1.0,0.226,0.204,0.21,0.24,0.204,0.174,0.194,0.224,0.232,0.15,0.186,0.262,0.37,0.222,0.206,0.196,0.24,0.208,0.306,0.186,0.208,0.232,0.202,0.216,0.238,0.374,0.172,0.09,0.21,0.182,0.504,0.208,0.598,0.42,0.272,0.286,0.158,0.826,0.184,0.322,0.17,0.334,0.198,0.248,0.228,0.236,0.192,0.22,0.152,0.168,0.43,0.16,0.25,0.288,0.21,0.206,0.562,0.212,0.208,0.186,0.28,0.186,0.216,0.264,0.222,0.21,0.22,0.33,0.234,0.238,0.252,0.586,0.194,0.21,0.234,0.216,0.14,0.142
0.228,0.252,0.296,0.19,0.2,0.16,0.41,0.268,0.152,0.198,0.274,0.174,0.268,0.142,0.14,0.18,0.272,0.306,0.216,0.2,0.18,0.234,0.196,0.204,0.624,0.254,0.236,0.226,1.0,0.224,0.22,0.218,0.18,0.202,0.206,0.228,0.25,0.196,0.146,0.28,0.266,0.188,0.232,0.174,0.572,0.198,0.364,0.162,0.618,0.49,0.188,0.274,0.542,0.262,0.156,0.156,0.22,0.168,0.208,0.184,0.236,0.286,0.216,0.284,0.184,0.218,0.248,0.226,0.188,0.25,0.152,0.322,0.674,0.252,0.222,0.198,0.218,0.164,0.246,0.182,0.258,0.316,0.432,0.24,0.212,0.262,0.546,0.268,0.304,0.24,0.188,0.202,0.348,0.212,0.2,0.266,0.29,0.458,0.264,0.24,0.196,0.186,0.228,0.188,0.202,0.216
0.176,0.192,0.232,0.17,0.182,0.184,0.214,0.202,0.236,0.214,0.186,0.176,0.214,0.128,0.214,0.24,0.272,0.224,0.154,0.232,0.196,0.186,0.194,0.216,0.218,0.176,0.18,0.204,0.224,1.0,0.172,0.192,0.248,0.244,0.158,0.202,0.184,0.198,0.202,0.18,0.196,0.172,0.184,0.18,0.216,0.196,0.296,0.182,0.238,0.252,0.214,0.21,0.262,0.278,0.218,0.274,0.196,0.19,0.23,0.234,0.246,0.28,0.156,0.18,0.22,0.23,0.204,0.248,0.232,0.252,0.186,0.196,0.21,0.24,0.226,0.27,0.146,0.232,0.226,0.19,0.206,0.202,0.162,0.172,0.212,0.246,0.22,0.18,0.24,0.168,0.244,0.236,0.228,0.216,0.186,0.222,0.162,0.196,0.186,0.218,0.298,0.222,0.206,0.194,0.276,0.198
0.178,0.178,0.21,0.1,0.134,0.096,0.21,0.118,0.114,0.164,0.152,0.078,0.23,0.108,0.1,0.156,0.226,0.194,0.16,0.164,0.124,0.158,0.152,0.168,0.218,0.154,0.112,0.21,0.22,0.172,1.0,0.138,0.174,0.132,0.098,0.122,0.178,0.124,0.104,0.186,0.24,0.16,0.258,0.112,0.232,0.176,0.216,0.134,0.238,0.242,0.158,0.22,0.212,0.24,0.086,0.082,0.152,0.09,0.224,0.152,0.21,0.216,0.176,0.202,0.134,0.21,0.202,0.206,0.12,0.208,0.118,0.194,0.234,0.132,0.16,0.166,0.134,0.106,0.21,0.09,0.202,0.188,0.214,0.194,0.21,0.21,0.22,0.196,0.18,0.166,0.142,0.138,0.246,0.16,0.146,0.216,0.192,0.24,0.16,0.228,0.148,0.192,0.166,0.116,0.134,0.15
0.172,0.216,0.262,0.19,0.322,0.142,0.246,0.338,0.134,0.198,0.418,0.114,0.2,0.17,0.076,0.168,0.188,0.346,0.344,0.186,0.126,0.178,0.182,0.164,0.238,0.234,0.194,0.24,0.218,0.192,0.138,1.0,0.156,0.138,0.308,0.174,0.228,0.15,0.144,0.23,0.21,0.2,0.162,0.164,0.228,0.148,0.18,0.15,0.222,0.19,0.142,0.252,0.218,0.174,0.12,0.246,0.23,0.138,0.138,0.152,0.206,0.21,0.192,0.306,0.184,0.214,0.194,0.166,0.152,0.218,0.138,0.254,0.21,0.244,0.444,0.214,0.152,0.136,0.224,0.124,0.202,0.27,0.23,0.164,0.166,0.244,0.232,0.204,0.26,0.172,0.156,0.188,0.242,0.19,0.12,0.23,0.19,0.276,0.28,0.18,0.17,0.15,0.17,0.194,0.162,0.3
0.148,0.182,0.228,0.244,0.198,0.364,0.252,0.184,0.37,0.288,0.184,0.346,0.194,0.14,0.218,0.296,0.174,0.218,0.172,0.31,0.398,0.294,0.258,0.306,0.2,0.244,0.27,0.204,0.18,0.248,0.174,0.156,1.0,0.38,0.186,0.194,0.218,0.26,0.424,0.218,0.186,0.23,0.164,0.274,0.218,0.216,0.162,0.388,0.202,0.156,0.292,0.22,0.196,0.186,0.344,0.14,0.28,0.374,0.212,0.31,0.18,0.184,0.21,0.172,0.308,0.17,0.18,0.194,0.376,0.196,0.34,0.166,0.202,0.334,0.206,0.334,0.168,0.424,0.144,0.336,0.192,0.196,0.202,0.132,0.258,0.228,0.18,0.16,0.208,0.192,0.618,0.234,0.184,0.31,0.232,0.178,0.238,0.208,0.196,0.22,0.202,0.376,0.234,0.324,0.234,0.182
0.134,0.186,0.226,0.258,0.158,0.386,0.19,0.168,0.39,0.296,0.168,0.39,0.19,0.144,0.288,0.316,0.134,0.22,0.168,0.314,0.364,0.352,0.252,0.314,0.208,0.266,0.36,0.174,0.202,0.244,0.132,0.138,0.38,1.0,0.194,0.238,0.196,0.276,0.356,0.202,0.202,0.214,0.134,0.272,0.22,0.214,0.156,0.342,0.23,0.16,0.274,0.21,0.214,0.144,0.396,0.128,0.276,0.408,0.144,0.298,0.146,0.166,0.176,0.174,0.294,0.15,0.196,0.116,0.374,0.142,0.34,0.21,0.206,0.348,0.166,0.338,0.176,0.418,0.126,0.402,0.156,0.184,0.188,0.134,0.174,0.226,0.208,0.154,0.234,0.18,0.352,0.262,0.192,0.268,0.272,0.13,0.154,0.196,0.214,0.18,0.164,0.272,0.238,0.324,0.276,0.178
0.164,0.242,0.23,0.202,0.3,0.198,0.206,0.264,0.18,0.188,0.31,0.192,0.216,0.148,0.08,0.172,0.168,0.268,0.33,0.184,0.158,0.268,0.172,0.186,0.232,0.224,0.202,0.194,0.206,0.158,0.098,0.308,0.186,0.194,1.0,0.224,0.228,0.16,0.206,0.218,0.198,0.184,0.144,0.136,0.228,0.214,0.21,0.158,0.246,0.18,0.192,0.212,0.238,0.204,0.158,0.24,0.202,0.192,0.162,0.218,0.164,0.216,0.188,0.25,0.182,0.166,0.202,0.188,0.18,0.172,0.172,0.222,0.22,0.61,0.288,0.168,0.136,0.188,0.186,0.168,0.208,0.252,0.222,0.158,0.188,0.242,0.214,0.18,0.268,0.168,0.186,0.192,0.208,0.22,0.186,0.162,0.186,0.228,0.252,0.186,0.176,0.212,0.18,0.228,0.18,0.394
0.168,0.232,0.246,0.248,0.166,0.214,0.25,0.21,0.236,0.23,0.204,0.236,0.228,0.12,0.17,0.184,0.192,0.232,0.188,0.228,0.178,0.27,0.132,0.232,0.258,0.228,0.274,0.224,0.228,0.202,0.122,0.174,0.194,0.238,0.224,1.0,0.23,0.24,0.212,0.244,0.258,0.118,0.198,0.138,0.278,0.224,0.252,0.208,0.288,0.228,0.212,0.218,0.276,0.224,0.222,0.146,0.244,0.208,0.19,0.218,0.182,0.236,0.236,0.214,0.218,0.188,0.262,0.18,0.204,0.198,0.186,0.198,0.27,0.266,0.172,0.174,0.196,0.216,0.204,0.236,0.192,0.26,0.238,0.172,0.238,0.258,0.27,0.204,0.256,0.236,0.162,0.246,0.252,0.216,0.218,0.192,0.198,0.228,0.226,0.224,0.204,0.234,0.198,0.23,0.234,0.21
0.202,0.582,0.39,0.266,0.234,0.22,0.278,0.186,0.212,0.264,0.262,0.218,0.238,0.144,0.17,0.194,0.264,0.278,0.52,0.24,0.202,0.302,0.248,0.248,0.27,0.296,0.254,0.232,0.25,0.184,0.178,0.228,0.218,0.196,0.228,0.23,1.0,0.214,0.26,0.296,0.266,0.26,0.24,0.182,0.284,0.254,0.238,0.228,0.268,0.234,0.184,0.278,0.232,0.274,0.178,0.17,0.254,0.198,0.214,0.214,0.19,0.282,0.27,0.306,0.242,0.212,0.206,0.308,0.206,0.254,0.188,0.242,0.252,0.264,0.236,0.174,0.198,0.228,0.28,0.194,0.25,0.342,0.266,0.21,0.246,0.25,0.258,0.248,0.278,0.224,0.204,0.25,0.276,0.302,0.172,0.27,0.282,0.272,0.254,0.222,0.256,0.228,0.196,0.258,0.252,0.25
0.168,0.2,0.234,0.292,0.178,0.324,0.222,0.15,0.332,0.306,0.194,0.314,0.208,0.176,0.286,0.228,0.186,0.238,0.158,0.288,0.274,0.308,0.168,0.292,0.246,0.282,0.326,0.15,0.196,0.198,0.124,0.15,0.26,0.276,0.16,0.24,0.214,1.0,0.308,0.232,0.198,0.136,0.162,0.192,0.234,0.236,0.22,0.244,0.25,0.166,0.23,0.236,0.234,0.188,0.334,0.154,0.292,0.346,0.13,0.26,0.142,0.208,0.244,0.192,0.316,0.136,0.234,0.176,0.308,0.194,0.302,0.19,0.22,0.302,0.128,0.25,0.218,0.276,0.174,0.326,0.204,0.236,0.224,0.19,0.146,0.232,0.214,0.178,0.232,0.204,0.238,0.23,0.21,0.324,0.198,0.174,0.208,0.194,0.242,0.148,0.22,0.218,0.272,0.356,0.284,0.188
0.128,0.208,0.202,0.316,0.162,0.47,0.23,0.136,0.458,0.31,0.156,0.488,0.152,0.134,0.24,0.244,0.134,0.24,0.18,0.32,0.352,0.366,0.258,0.308,0.196,0.266,0.358,0.186,0.146,0.202,0.104,0.144,0.424,0.356,0.206,0.212,0.26,0.308,1.0,0.22,0.178,0.22,0.108,0.302,0.194,0.23,0.154,0.398,0.188,0.128,0.3,0.204,0.182,0.14,0.406,0.128,0.266,0.464,0.164,0.308,0.148,0.174,0.24,0.164,0.35,0.158,0.144,0.162,0.36,0.168,0.31,0.174,0.174,0.334,0.148,0.314,0.17,0.41,0.166,0.502,0.17,0.236,0.188,0.116,0.2,0.2,0.186,0.122,0.208,0.158,0.374,0.286,0.188,0.324,0.25,0.15,0.2,0.198,0.238,0.18,0.188,0.356,0.276,0.352,0.234,0.158
0.174,0.292,0.294,0.242,0.222,0.2,0.338,0.174,0.182,0.214,0.244,0.182,0.234,0.142,0.136,0.2,0.24,0.312,0.218,0.242,0.19,0.282,0.232,0.212,0.282,0.296,0.224,0.262,0.28,0.18,0.186,0.23,0.218,0.202,0.218,0.244,0.296,0.232,0.22,1.0,0.268,0.19,0.23,0.194,0.31,0.258,0.274,0.186,0.298,0.244,0.176,0.26,0.298,0.284,0.186,0.128,0.268,0.216,0.21,0.204,0.218,0.314,0.352,0.294,0.22,0.232,0.212,0.27,0.196,0.282,0.194,0.276,0.302,0.246,0.174,0.202,0.164,0.188,0.26,0.18,0.242,0.348,0.272,0.204,0.228,0.244,0.286,0.234,0.306,0.236,0.198,0.314,0.296,0.314,0.204,0.278,0.332,0.308,0.32,0.23,0.194,0.228,0.244,0.244,0.194,0.242
0.244,0.314,0.302,0.2,0.182,0.172,0.29,0.174,0.172,0.166,0.202,0.156,0.242,0.14,0.146,0.214,0.308,0.24,0.244,0.16,0.14,0.248,0.21,0.172,0.24,0.234,0.22,0.37,0.266,0.196,0.24,0.21,0.186,0.202,0.198,0.258,0.266,0.198,0.178,0.268,1.0,0.218,0.284,0.164,0.278,0.262,0.32,0.188,0.264,0.274,0.184,0.272,0.298,0.318,0.17,0.144,0.218,0.194,0.268,0.184,0.27,0.328,0.31,0.336,0.25,0.274,0.234,0.25,0.172,0.32,0.162,0.26,0.262,0.252,0.232,0.164,0.224,0.178,0.286,0.166,0.232,0.264,0.234,0.232,0.322,0.248,0.256,0.252,0.29,0.238,0.162,0.242,0.254,0.244,0.206,0.298,0.222,0.284,0.276,0.462,0.214,0.214,0.176,0.186,0.212,0.224
0.15,0.244,0.2,0.188,0.128,0.232,0.158,0.144,0.252,0.206,0.168,0.196,0.182,0.142,0.174,0.236,0.146,0.204,0.218,0.212,0.24,0.202,0.454,0.212,0.182,0.172,0.154,0.222,0.188,0.172,0.16,0.2,0.23,0.214,0.184,0.118,0.26,0.136,0.22,0.19,0.218,1.0,0.17,0.256,0.222,0.216,0.152,0.21,0.18,0.174,0.2,0.18,0.176,0.172,0.202,0.072,0.202,0.218,0.224,0.23,0.214,0.178,0.206,0.198,0.162,0.194,0.156,0.18,0.232,0.148,0.21,0.176,0.184,0.242,0.222,0.242,0.114,0.234,0.162,0.194,0.174,0.208,0.21,0.17,0.224,0.17,0.194,0.18,0.21,0.154,0.222,0.206,0.166,0.182,0.194,0.154,0.212,0.22,0.178,0.256,0.176,0.188,0.226,0.208,0.164,0.16
0.236,0.248,0.248,0.144,0.132,0.084,0.272,0.138,0.128,0.12,0.186,0.09,0.288,0.144,0.12,0.196,0.288,0.202,0.196,0.114,0.118,0.182,0.144,0.122,0.224,0.208,0.148,0.206,0.232,0.184,0.258,0.162,0.164,0.134,0.144,0.198,0.24,0.162,0.108,0.23,0.284,0.17,1.0,0.11,0.238,0.206,0.28,0.118,0.256,0.252,0.17,0.224,0.226,0.296,0.11,0.146,0.19,0.11,0.232,0.172,0.22,0.284,0.232,0.274,0.174,0.21,0.262,0.248,0.124,0.282,0.126,0.22,0.256,0.182,0.16,0.166,0.172,0.128,0.268,0.1,0.268,0.252,0.208,0.266,0.23,0.24,0.24,0.262,0.28,0.236,0.12,0.176,0.254,0.216,0.13,0.304,0.244,0.262,0.206,0.23,0.192,0.166,0.178,0.178,0.194,0.2
0.148,0.182,0.15,0.212,0.128,0.312,0.174,0.122,0.326,0.21,0.156,0.254,0.146,0.106,0.218,0.242,0.128,0.21,0.142,0.224,0.32,0.238,0.26,0.234,0.158,0.184,0.224,0.196,0.174,0.18,0.112,0.164,0.274,0.272,0.136,0.138,0.182,0.192,0.302,0.194,0.164,0.256,0.11,1.0,0.2,0.244,0.138,0.302,0.154,0.128,0.248,0.206,0.168,0.138,0.308,0.092,0.218,0.31,0.166,0.198,0.168,0.17,0.22,0.176,0.224,0.174,0.152,0.128,0.306,0.15,0.25,0.202,0.168,0.236,0.134,0.24,0.15,0.308,0.142,0.306,0.162,0.208,0.182,0.106,0.182,0.162,0.16,0.124,0.168,0.156,0.332,0.22,0.162,0.214,0.296,0.142,0.186,0.21,0.22,0.198,0.206,0.204,0.222,0.234,0.164,0.13
0.232,0.266,0.28,0.242,0.206,0.222,0.446,0.246,0.192,0.234,0.302,0.224,0.274,0.126,0.14,0.224,0.278,0.312,0.23,0.23,0.192,0.288,0.202,0.236,0.52,0.296,0.272,0.24,0.572,0.216,0.232,0.228,0.218,0.22,0.228,0.278,0.284,0.234,0.194,0.31,0.278,0.222,0.238,0.2,1.0,0.222,0.38,0.21,0.602,0.474,0.198,0.3,0.602,0.278,0.194,0.144,0.274,0.212,0.228,0.232,0.222,0.306,0.276,0.3,0.22,0.22,0.25,0.238,0.214,0.268,0.198,0.302,0.666,0.294,0.224,0.212,0.202,0.206,0.252,0.224,0.276,0.354,0.498,0.236,0.232,0.26,0.638,0.274,0.286,0.254,0.202,0.236,0.308,0.264,0.21,0.266,0.276,0.428,0.282,0.25,0.214,0.222,0.212,0.244,0.212,0.258
0.2,0.266,0.236,0.25,0.154,0.218,0.258,0.232,0.236,0.212,0.168,0.21,0.236,0.13,0.192,0.234,0.202,0.194,0.21,0.208,0.208,0.264,0.206,0.218,0.214,0.202,0.228,0.208,0.198,0.196,0.176,0.148,0.216,0.214,0.214,0.224,0.254,0.236,0.23,0.258,0.262,0.216,0.206,0.244,0.222,1.0,0.212,0.224,0.238,0.206,0.234,0.192,0.218,0.262,0.234,0.162,0.232,0.254,0.212,0.222,0.18,0.232,0.268,0.242,0.238,0.184,0.21,0.268,0.202,0.23,0.198,0.206,0.202,0.248,0.234,0.208,0.17,0.244,0.208,0.21,0.256,0.262,0.194,0.2,0.238,0.23,0.214,0.21,0.274,0.236,0.228,0.258,0.23,0.216,0.252,0.226,0.278,0.224,0.224,0.196,0.224,0.228,0.256,0.26,0.206,0.208
0.202,0.258,0.268,0.178,0.188,0.142,0.326,0.176,0.162,0.176,0.2,0.124,0.282,0.136,0.154,0.216,0.444,0.276,0.204,0.17,0.13,0.208,0.15,0.178,0.318,0.228,0.19,0.306,0.364,0.296,0.216,0.18,0.162,0.156,0.21,0.252,0.238,0.22,0.154,0.274,0.32,0.152,0.28,0.138,0.38,0.212,1.0,0.146,0.376,0.44,0.168,0.252,0.37,0.486,0.148,0.21,0.204,0.16,0.326,0.204,0.386,0.548,0.236,0.252,0.198,0.352,0.248,0.366,0.164,0.368,0.154,0.274,0.416,0.256,0.178,0.178,0.19,0.14,0.376,0.134,0.282,0.274,0.278,0.254,0.254,0.254,0.34,0.234,0.286,0.214,0.166,0.23,0.272,0.254,0.162,0.332,0.304,0.37,0.268,0.322,0.316,0.176,0.202,0.234,0.228,0.196
0.148,0.174,0.188,0.354,0.128,0.388,0.194,0.178,0.426,0.324,0.148,0.39,0.132,0.134,0.27,0.286,0.142,0.178,0.148,0.302,0.308,0.286,0.248,0.294,0.168,0.226,0.324,0.186,0.162,0.182,0.134,0.15,0.388,0.342,0.158,0.208,0.228,0.244,0.398,0.186,0.188,0.21,0.118,0.302,0.21,0.224,0.146,1.0,0.162,0.126,0.28,0.186,0.166,0.168,0.388,0.13,0.236,0.384,0.172,0.23,0.15,0.176,0.22,0.208,0.244,0.158,0.146,0.15,0.334,0.154,0.288,0.172,0.168,0.26,0.168,0.3,0.166,0.412,0.138,0.388,0.168,0.174,0.2,0.098,0.208,0.198,0.172,0.142,0.206,0.154,0.382,0.224,0.172,0.248,0.276,0.14,0.2,0.192,0.196,0.184,0.176,0.436,0.236,0.292,0.232,0.146
0.226,0.274,0.308,0.228,0.206,0.21,0.472,0.25,0.194,0.228,0.31,0.196,0.294,0.162,0.172,0.196,0.258,0.296,0.244,0.226,0.198,0.28,0.19,0.23,0.566,0.288,0.25,0.208,0.618,0.238,0.238,0.222,0.202,0.23,0.246,0.288,0.268,0.25,0.188,0.298,0.264,0.18,0.256,0.154,0.602,0.238,0.376,0.162,1.0,0.588,0.216,0.27,0.662,0.258,0.19,0.182,0.258,0.212,0.188,0.224,0.196,0.262,0.236,0.276,0.238,0.192,0.266,0.226,0.224,0.258,0.182,0.298,0.71,0.294,0.232,0.216,0.204,0.19,0.242,0.206,0.28,0.352,0.418,0.264,0.214,0.296,0.6,0.262,0.342,0.26,0.184,0.236,0.36,0.242,0.202,0.26,0.284,0.466,0.254,0.218,0.22,0.212,0.258,0.224,0.22,0.258
0.216,0.256,0.284,0.174,0.164,0.138,0.376,0.192,0.124,0.154,0.216,0.126,0.268,0.122,0.134,0.146,0.322,0.246,0.198,0.146,0.14,0.216,0.144,0.16,0.444,0.238,0.182,0.232,0.49,0.252,0.242,0.19,0.156,0.16,0.18,0.228,0.234,0.166,0.128,0.244,0.274,0.174,0.252,0.128,0.474,0.206,0.44,0.126,0.588,1.0,0.158,0.248,0.506,0.302,0.134,0.172,0.22,0.132,0.248,0.178,0.27,0.308,0.23,0.27,0.186,0.26,0.254,0.28,0.146,0.316,0.132,0.27,0.62,0.226,0.206,0.162,0.176,0.114,0.276,0.146,0.248,0.254,0.368,0.228,0.22,0.224,0.494,0.24,0.256,0.218,0.144,0.18,0.25,0.196,0.162,0.338,0.246,0.428,0.216,0.246,0.262,0.15,0.18,0.164,0.186,0.194
0.186,0.182,0.2,0.24,0.148,0.276,0.222,0.164,0.302,0.224,0.134,0.256,0.252,0.134,0.202,0.264,0.168,0.2,0.166,0.24,0.262,0.262,0.23,0.236,0.214,0.178,0.212,0.202,0.188,0.214,0.158,0.142,0.292,0.274,0.192,0.212,0.184,0.23,0.3,0.176,0.184,0.2,0.17,0.248,0.198,0.234,0.168,0.28,0.216,0.158,1.0,0.196,0.214,0.172,0.26,0.144,0.19,0.28,0.178,0.336,0.184,0.16,0.244,0.176,0.234,0.17,0.244,0.15,0.284,0.168,0.242,0.204,0.198,0.23,0.154,0.314,0.164,0.33,0.17,0.272,0.194,0.164,0.214,0.178,0.222,0.262,0.192,0.186,0.22,0.204,0.27,0.272,0.21,0.216,0.252,0.162,0.196,0.222,0.192,0.21,0.176,0.34,0.264,0.262,0.192,0.158
0.25,0.29,0.306,0.234,0.296,0.19,0.298,0.188,0.176,0.22,0.286,0.188,0.272,0.154,0.116,0.224,0.252,0.51,0.248,0.208,0.192,0.294,0.198,0.21,0.294,0.326,0.242,0.216,0.274,0.21,0.22,0.252,0.22,0.21,0.212,0.218,0.278,0.236,0.204,0.26,0.272,0.18,0.224,0.206,0.3,0.192,0.252,0.186,0.27,0.248,0.196,1.0,0.264,0.218,0.178,0.164,0.272,0.182,0.186,0.238,0.198,0.246,0.228,0.384,0.312,0.198,0.256,0.214,0.198,0.278,0.188,0.462,0.29,0.298,0.208,0.222,0.218,0.184,0.218,0.2,0.258,0.31,0.28,0.236,0.202,0.302,0.27,0.238,0.29,0.242,0.22,0.204,0.326,0.266,0.228,0.27,0.256,0.312,0.474,0.226,0.29,0.216,0.176,0.228,0.22,0.244
0.222,0.276,0.306,0.204,0.208,0.19,0.46,0.268,0.166,0.214,0.266,0.184,0.288,0.128,0.148,0.202,0.254,0.304,0.21,0.22,0.184,0.274,0.186,0.208,0.548,0.286,0.244,0.238,0.542,0.262,0.212,0.218,0.196,0.214,0.238,0.276,0.232,0.234,0.182,0.298,0.298,0.176,0.226,0.168,0.602,0.218,0.37,0.166,0.662,0.506,0.214,0.264,1.0,0.266,0.172,0.15,0.246,0.192,0.214,0.24,0.23,0.272,0.276,0.28,0.214,0.218,0.28,0.224,0.218,0.25,0.178,0.31,0.676,0.282,0.264,0.2,0.184,0.174,0.242,0.196,0.254,0.318,0.372,0.218,0.228,0.276,0.59,0.258,0.31,0.244,0.192,0.236,0.282,0.244,0.206,0.238,0.272,0.4,0.262,0.24,0.216,0.2,0.21,0.22,0.204,0.22
0.186,0.28,0.264,0.162,0.166,0.116,0.292,0.168,0.148,0.172,0.174,0.11,0.272,0.124,0.128,0.19,0.522,0.26,0.206,0.168,0.14,0.208,0.144,0.174,0.224,0.228,0.184,0.374,0.262,0.278,0.24,0.174,0.186,0.144,0.204,0.224,0.274,0.188,0.14,0.284,0.318,0.172,0.296,0.138,0.278,0.262,0.486,0.168,0.258,0.302,0.172,0.218,0.266,1.0,0.126,0.216,0.186,0.144,0.48,0.186,0.346,0.534,0.284,0.266,0.182,0.418,0.224,0.61,0.142,0.4,0.154,0.246,0.256,0.232,0.196,0.156,0.174,0.128,0.57,0.124,0.296,0.294,0.23,0.252,0.474,0.258,0.242,0.238,0.296,0.212,0.18,0.23,0.238,0.264,0.166,0.358,0.31,0.246,0.246,0.294,0.294,0.206,0.182,0.212,0.21,0.184
0.11,0.158,0.174,0.262,0.14,0.516,0.178,0.138,0.484,0.322,0.134,0.484,0.136,0.142,0.384,0.264,0.11,0.18,0.124,0.322,0.362,0.342,0.23,0.334,0.18,0.24,0.352,0.172,0.156,0.218,0.086,0.12,0.344,0.396,0.158,0.222,0.178,0.334,0.406,0.186,0.17,0.202,0.11,0.308,0.194,0.234,0.148,0.388,0.19,0.134,0.26,0.178,0.172,0.126,1.0,0.118,0.274,0.588,0.136,0.254,0.126,0.164,0.248,0.144,0.304,0.144,0.146,0.114,0.4,0.132,0.346,0.148,0.176,0.276,0.128,0.306,0.17,0.464,0.108,0.468,0.142,0.188,0.184,0.114,0.164,0.186,0.182,0.102,0.216,0.144,0.344,0.27,0.15,0.29,0.258,0.12,0.164,0.138,0.212,0.176,0.17,0.26,0.296,0.336,0.222,0.142
0.142,0.162,0.182,0.166,0.29,0.128,0.172,0.25,0.136,0.148,0.27,0.146,0.156,0.128,0.12,0.154,0.236,0.158,0.25,0.14,0.136,0.146,0.118,0.136,0.152,0.166,0.162,0.09,0.156,0.274,0.082,0.246,0.14,0.128,0.24,0.146,0.17,0.154,0.128,0.128,0.144,0.072,0.146,0.092,0.144,0.162,0.21,0.13,0.182,0.172,0.144,0.164,0.15,0.216,0.118,1.0,0.144,0.126,0.108,0.132,0.108,0.232,0.122,0.148,0.15,0.104,0.152,0.218,0.152,0.192,0.106,0.154,0.148,0.16,0.254,0.16,0.128,0.146,0.182,0.15,0.126,0.158,0.11,0.114,0.122,0.202,0.154,0.148,0.174,0.18,0.162,0.118,0.17,0.168,0.094,0.172,0.144,0.152,0.158,0.1,0.27,0.114,0.124,0.182,0.254,0.288
0.156,0.256,0.262,0.262,0.2,0.268,0.262,0.176,0.278,0.314,0.216,0.258,0.206,0.174,0.216,0.244,0.222,0.282,0.208,0.298,0.272,0.312,0.21,0.302,0.258,0.354,0.286,0.21,0.22,0.196,0.152,0.23,0.28,0.276,0.202,0.244,0.254,0.292,0.266,0.268,0.218,0.202,0.19,0.218,0.274,0.232,0.204,0.236,0.258,0.22,0.19,0.272,0.246,0.186,0.274,0.144,1.0,0.302,0.18,0.202,0.18,0.22,0.25,0.308,0.284,0.186,0.204,0.218,0.27,0.238,0.298,0.232,0.254,0.32,0.184,0.24,0.208,0.252,0.222,0.278,0.22,0.264,0.268,0.218,0.2,0.244,0.256,0.198,0.254,0.206,0.258,0.222,0.234,0.322,0.198,0.228,0.218,0.238,0.272,0.206,0.22,0.224,0.214,0.318,0.25,0.222
0.116,0.176,0.172,0.304,0.13,0.668,0.192,0.13,0.498,0.336,0.142,0.5,0.134,0.148,0.342,0.28,0.126,0.196,0.14,0.35,0.4,0.348,0.246,0.354,0.194,0.268,0.344,0.182,0.168,0.19,0.09,0.138,0.374,0.408,0.192,0.208,0.198,0.346,0.464,0.216,0.194,0.218,0.11,0.31,0.212,0.254,0.16,0.384,0.212,0.132,0.28,0.182,0.192,0.144,0.588,0.126,0.302,1.0,0.148,0.272,0.142,0.172,0.248,0.16,0.29,0.156,0.14,0.132,0.406,0.142,0.374,0.15,0.188,0.348,0.138,0.308,0.164,0.448,0.128,0.486,0.156,0.2,0.202,0.12,0.17,0.196,0.196,0.096,0.228,0.162,0.366,0.286,0.152,0.32,0.29,0.126,0.176,0.18,0.214,0.18,0.182,0.288,0.31,0.374,0.23,0.158
0.166,0.224,0.202,0.112,0.106,0.146,0.222,0.118,0.146,0.144,0.122,0.138,0.218,0.134,0.13,0.192,0.356,0.208,0.156,0.146,0.168,0.162,0.174,0.148,0.178,0.176,0.14,0.504,0.208,0.23,0.224,0.138,0.212,0.144,0.162,0.19,0.214,0.13,0.164,0.21,0.268,0.224,0.232,0.166,0.228,0.212,0.326,0.172,0.188,0.248,0.178,0.186,0.214,0.48,0.136,0.108,0.18,0.148,1.0,0.182,0.664,0.348,0.236,0.218,0.136,0.604,0.18,0.434,0.168,0.336,0.174,0.2,0.206,0.178,0.168,0.158,0.124,0.14,0.434,0.148,0.27,0.232,0.196,0.206,0.576,0.198,0.198,0.198,0.24,0.166,0.19,0.21,0.196,0.19,0.188,0.346,0.246,0.208,0.194,0.436,0.198,0.204,0.212,0.184,0.144,0.118
0.166,0.226,0.224,0.192,0.184,0.274,0.232,0.132,0.272,0.218,0.166,0.264,0.262,0.13,0.19,0.266,0.182,0.244,0.194,0.236,0.248,0.254,0.22,0.236,0.224,0.208,0.2,0.208,0.184,0.234,0.152,0.152,0.31,0.298,0.218,0.218,0.214,0.26,0.308,0.204,0.184,0.23,0.172,0.198,0.232,0.222,0.204,0.23,0.224,0.178,0.336,0.238,0.24,0.186,0.254,0.132,0.202,0.272,0.182,1.0,0.196,0.206,0.202,0.176,0.234,0.178,0.242,0.17,0.304,0.168,0.248,0.202,0.23,0.276,0.154,0.346,0.14,0.262,0.188,0.24,0.18,0.2,0.216,0.16,0.222,0.246,0.202,0.192,0.238,0.196,0.27,0.232,0.202,0.236,0.24,0.16,0.206,0.21,0.214,0.208,0.214,0.316,0.274,0.288,0.2,0.196
0.18,0.224,0.214,0.104,0.118,0.134,0.224,0.114,0.14,0.136,0.164,0.122,0.228,0.138,0.132,0.2,0.386,0.27,0.168,0.138,0.152,0.144,0.204,0.138,0.204,0.19,0.12,0.598,0.236,0.246,0.21,0.206,0.18,0.146,0.164,0.182,0.19,0.142,0.148,0.218,0.27,0.214,0.22,0.168,0.222,0.18,0.386,0.15,0.196,0.27,0.184,0.198,0.23,0.346,0.126,0.108,0.18,0.142,0.664,0.196,1.0,0.436,0.24,0.238,0.136,0.73,0.192,0.312,0.166,0.354,0.162,0.238,0.226,0.196,0.156,0.192,0.13,0.134,0.42,0.124,0.246,0.24,0.19,0.208,0.43,0.2,0.206,0.202,0.284,0.162,0.174,0.214,0.238,0.172,0.196,0.364,0.22,0.232,0.222,0.466,0.196,0.192,0.232,0.192,0.146,0.132
0.214,0.296,0.266,0.186,0.194,0.152,0.304,0.166,0.174,0.194,0.222,0.138,0.252,0.15,0.156,0.222,0.428,0.328,0.23,0.19,0.152,0.22,0.192,0.196,0.232,0.248,0.204,0.42,0.286,0.28,0.216,0.21,0.184,0.166,0.216,0.236,0.282,0.208,0.174,0.314,0.328,0.178,0.284,0.17,0.306,0.232,0.548,0.176,0.262,0.308,0.16,0.246,0.272,0.534,0.164,0.232,0.22,0.172,0.348,0.206,0.436,1.0,0.262,0.256,0.2,0.466,0.212,0.44,0.16,0.388,0.176,0.268,0.292,0.27,0.162,0.196,0.174,0.168,0.47,0.152,0.28,0.33,0.24,0.26,0.29,0.248,0.252,0.23,0.296,0.224,0.18,0.238,0.278,0.278,0.162,0.37,0.312,0.284,0.28,0.328,0.328,0.194,0.21,0.232,0.25,0.196
0.204,0.294,0.268,0.23,0.166,0.24,0.296,0.196,0.214,0.202,0.192,0.214,0.21,0.122,0.182,0.202,0.262,0.252,0.194,0.194,0.202,0.296,0.21,0.186,0.232,0.246,0.232,0.272,0.216,0.156,0.176,0.192,0.21,0.176,0.188,0.236,0.27,0.244,0.24,0.352,0.31,0.206,0.232,0.22,0.276,0.268,0.236,0.22,0.236,0.23,0.244,0.228,0.276,0.284,0.248,0.122,0.25,0.248,0.236,0.202,0.24,0.262,1.0,0.266,0.214,0.24,0.228,0.298,0.198,0.288,0.224,0.224,0.262,0.234,0.202,0.194,0.21,0.234,0.26,0.208,0.244,0.292,0.278,0.196,0.264,0.226,0.26,0.228,0.272,0.226,0.198,0.5,0.224,0.256,0.23,0.298,0.298,0.27,0.278,0.258,0.242,0.24,0.246,0.266,0.21,0.2
0.236,0.324,0.386,0.242,0.23,0.158,0.328,0.192,0.126,0.218,0.288,0.144,0.246,0.156,0.096,0.216,0.32,0.41,0.276,0.208,0.146,0.29,0.18,0.196,0.292,0.442,0.23,0.286,0.284,0.18,0.202,0.306,0.172,0.174,0.25,0.214,0.306,0.192,0.164,0.294,0.336,0.198,0.274,0.176,0.3,0.242,0.252,0.208,0.276,0.27,0.176,0.384,0.28,0.266,0.144,0.148,0.308,0.16,0.218,0.176,0.238,0.256,0.266,1.0,0.244,0.256,0.25,0.288,0.17,0.344,0.154,0.356,0.284,0.282,0.24,0.176,0.206,0.144,0.294,0.136,0.274,0.334,0.296,0.222,0.266,0.258,0.264,0.262,0.31,0.24,0.168,0.206,0.296,0.268,0.216,0.346,0.284,0.342,0.446,0.262,0.232,0.204,0.196,0.218,0.192,0.22
0.19,0.246,0.246,0.342,0.178,0.302,0.248,0.14,0.304,0.258,0.202,0.26,0.188,0.13,0.202,0.23,0.194,0.26,0.202,0.276,0.268,0.358,0.21,0.262,0.26,0.29,0.33,0.158,0.184,0.22,0.134,0.184,0.308,0.294,0.182,0.218,0.242,0.316,0.35,0.22,0.25,0.162,0.174,0.224,0.22,0.238,0.198,0.244,0.238,0.186,0.234,0.312,0.214,0.182,0.304,0.15,0.284,0.29,0.136,0.234,0.136,0.2,0.214,0.244,1.0,0.132,0.208,0.194,0.274,0.222,0.26,0.252,0.204,0.328,0.172,0.232,0.224,0.286,0.188,0.28,0.196,0.228,0.198,0.164,0.18,0.264,0.2,0.166,0.228,0.22,0.28,0.226,0.218,0.342,0.206,0.21,0.214,0.22,0.268,0.162,0.242,0.266,0.178,0.304,0.288,0.234
0.18,0.248,0.244,0.104,0.13,0.144,0.228,0.102,0.148,0.15,0.158,0.136,0.218,0.138,0.128,0.202,0.356,0.282,0.168,0.152,0.162,0.156,0.196,0.156,0.18,0.186,0.136,0.826,0.218,0.23,0.21,0.214,0.17,0.15,0.166,0.188,0.212,0.136,0.158,0.232,0.274,0.194,0.21,0.174,0.22,0.184,0.352,0.158,0.192,0.26,0.17,0.198,0.218,0.418,0.144,0.104,0.186,0.156,0.604,0.178,0.73,0.466,0.24,0.256,0.132,1.0,0.176,0.36,0.142,0.37,0.168,0.23,0.208,0.206,0.162,0.194,0.14,0.14,0.47,0.136,0.24,0.258,0.194,0.204,0.462,0.192,0.188,0.182,0.266,0.158,0.184,0.234,0.206,0.19,0.202,0.396,0.224,0.22,0.232,0.474,0.208,0.186,0.22,0.19,0.14,0.12
0.234,0.236,0.284,0.23,0.2,0.152,0.238,0.182,0.168,0.19,0.214,0.15,0.604,0.142,0.126,0.196,0.222,0.26,0.192,0.182,0.144,0.268,0.12,0.174,0.28,0.23,0.228,0.184,0.248,0.204,0.202,0.194,0.18,0.196,0.202,0.262,0.206,0.234,0.144,0.212,0.234,0.156,0.262,0.152,0.25,0.21,0.248,0.146,0.266,0.254,0.244,0.256,0.28,0.224,0.146,0.152,0.204,0.14,0.18,0.242,0.192,0.212,0.228,0.25,0.208,0.176,1.0,0.2,0.178,0.224,0.156,0.26,0.284,0.228,0.194,0.192,0.246,0.15,0.206,0.158,0.26,0.24,0.266,0.248,0.18,0.278,0.272,0.274,0.228,0.23,0.16,0.2,0.282,0.186,0.178,0.232,0.25,0.27,0.256,0.198,0.204,0.214,0.208,0.186,0.198,0.19
0.184,0.334,0.294,0.166,0.156,0.112,0.304,0.16,0.128,0.16,0.158,0.108,0.238,0.126,0.154,0.164,0.622,0.246,0.208,0.162,0.134,0.21,0.13,0.164,0.222,0.218,0.178,0.322,0.226,0.248,0.206,0.166,0.194,0.116,0.188,0.18,0.308,0.176,0.162,0.27,0.25,0.18,0.248,0.128,0.238,0.268,0.366,0.15,0.226,0.28,0.15,0.214,0.224,0.61,0.114,0.218,0.218,0.132,0.434,0.17,0.312,0.44,0.298,0.288,0.194,0.36,0.2,1.0,0.122,0.522,0.148,0.21,0.228,0.21,0.196,0.12,0.152,0.122,0.614,0.118,0.278,0.312,0.208,0.226,0.5,0.224,0.214,0.22,0.254,0.212,0.182,0.232,0.228,0.306,0.156,0.45,0.36,0.23,0.244,0.268,0.292,0.186,0.176,0.194,0.232,0.16
0.116,0.188,0.204,0.278,0.168,0.414,0.204,0.132,0.398,0.33,0.164,0.372,0.16,0.154,0.29,0.294,0.132,0.184,0.172,0.342,0.356,0.284,0.272,0.338,0.232,0.246,0.304,0.17,0.188,0.232,0.12,0.152,0.376,0.374,0.18,0.204,0.206,0.308,0.36,0.196,0.172,0.232,0.124,0.306,0.214,0.202,0.164,0.334,0.224,0.146,0.284,0.198,0.218,0.142,0.4,0.152,0.27,0.406,0.168,0.304,0.166,0.16,0.198,0.17,0.274,0.142,0.178,0.122,1.0,0.136,0.374,0.16,0.216,0.308,0.14,0.352,0.146,0.412,0.138,0.384,0.138,0.188,0.214,0.118,0.204,0.218,0.202,0.134,0.24,0.162,0.396,0.244,0.182,0.276,0.262,0.124,0.192,0.218,0.176,0.206,0.194,0.278,0.284,0.36,0.226,0.164
0.212,0.3,0.33,0.192,0.176,0.124,0.364,0.176,0.132,0.164,0.236,0.116,0.234,0.118,0.132,0.208,0.53,0.28,0.21,0.158,0.132,0.206,0.18,0.166,0.272,0.26,0.174,0.334,0.25,0.252,0.208,0.218,0.196,0.142,0.172,0.198,0.254,0.194,0.168,0.282,0.32,0.148,0.282,0.15,0.268,0.23,0.368,0.154,0.258,0.316,0.168,0.278,0.25,0.4,0.132,0.192,0.238,0.142,0.336,0.168,0.354,0.388,0.288,0.344,0.222,0.37,0.224,0.522,0.136,1.0,0.146,0.268,0.254,0.216,0.182,0.158,0.17,0.124,0.528,0.13,0.268,0.3,0.254,0.23,0.386,0.222,0.248,0.238,0.308,0.214,0.176,0.238,0.286,0.25,0.178,0.794,0.302,0.334,0.28,0.302,0.266,0.186,0.226,0.2,0.236,0.182
0.13,0.174,0.184,0.228,0.14,0.344,0.208,0.116,0.338,0.278,0.132,0.308,0.146,0.148,0.234,0.302,0.152,0.178,0.146,0.302,0.422,0.246,0.24,0.298,0.19,0.232,0.278,0.198,0.152,0.186,0.118,0.138,0.34,0.34,0.172,0.186,0.188,0.302,0.31,0.194,0.162,0.21,0.126,0.25,0.198,0.198,0.154,0.288,0.182,0.132,0.242,0.188,0.178,0.154,0.346,0.106,0.298,0.374,0.174,0.248,0.162,0.176,0.224,0.154,0.26,0.168,0.156,0.148,0.374,0.146,1.0,0.16,0.186,0.306,0.12,0.306,0.148,0.354,0.14,0.322,0.162,0.172,0.196,0.148,0.2,0.206,0.182,0.136,0.216,0.158,0.332,0.246,0.152,0.29,0.212,0.136,0.18,0.172,0.182,0.204,0.21,0.244,0.274,0.366,0.22,0.16
0.222,0.274,0.284,0.192,0.27,0.162,0.294,0.194,0.152,0.182,0.286,0.158,0.266,0.144,0.096,0.194,0.254,0.472,0.228,0.19,0.182,0.224,0.22,0.182,0.298,0.338,0.246,0.248,0.322,0.196,0.194,0.254,0.166,0.21,0.222,0.198,0.242,0.19,0.174,0.276,0.26,0.176,0.22,0.202,0.302,0.206,0.274,0.172,0.298,0.27,0.204,0.462,0.31,0.246,0.148,0.154,0.232,0.15,0.2,0.202,0.238,0.268,0.224,0.356,0.252,0.23,0.26,0.21,0.16,0.268,0.16,1.0,0.292,0.252,0.194,0.228,0.218,0.15,0.266,0.172,0.254,0.344,0.26,0.22,0.208,0.284,0.278,0.228,0.324,0.228,0.192,0.202,0.302,0.218,0.186,0.272,0.254,0.334,0.486,0.222,0.222,0.172,0.188,0.192,0.168,0.222
0.226,0.274,0.31,0.218,0.208,0.19,0.54,0.238,0.16,0.204,0.292,0.194,0.294,0.132,0.134,0.194,0.276,0.294,0.22,0.198,0.19,0.262,0.174,0.212,0.66,0.278,0.242,0.228,0.674,0.21,0.234,0.21,0.202,0.206,0.22,0.27,0.252,0.22,0.174,0.302,0.262,0.184,0.256,0.168,0.666,0.202,0.416,0.168,0.71,0.62,0.198,0.29,0.676,0.256,0.176,0.148,0.254,0.188,0.206,0.23,0.226,0.292,0.262,0.284,0.204,0.208,0.284,0.228,0.216,0.254,0.186,0.292,1.0,0.27,0.218,0.21,0.198,0.178,0.244,0.202,0.264,0.318,0.45,0.246,0.228,0.276,0.692,0.264,0.314,0.262,0.184,0.234,0.33,0.238,0.21,0.27,0.306,0.498,0.262,0.246,0.206,0.196,0.214,0.22,0.206,0.234
0.2,0.268,0.28,0.314,0.224,0.344,0.254,0.184,0.312,0.296,0.238,0.304,0.244,0.146,0.196,0.282,0.208,0.354,0.246,0.32,0.284,0.392,0.238,0.308,0.28,0.344,0.338,0.236,0.252,0.24,0.132,0.244,0.334,0.348,0.61,0.266,0.264,0.302,0.334,0.246,0.252,0.242,0.182,0.236,0.294,0.248,0.256,0.26,0.294,0.226,0.23,0.298,0.282,0.232,0.276,0.16,0.32,0.348,0.178,0.276,0.196,0.27,0.234,0.282,0.328,0.206,0.228,0.21,0.308,0.216,0.306,0.252,0.27,1.0,0.202,0.284,0.238,0.32,0.21,0.296,0.244,0.262,0.26,0.192,0.212,0.286,0.25,0.202,0.316,0.222,0.352,0.252,0.23,0.35,0.246,0.198,0.226,0.278,0.33,0.234,0.252,0.244,0.224,0.394,0.33,0.246
0.17,0.228,0.272,0.166,0.326,0.136,0.22,0.438,0.13,0.162,0.338,0.122,0.204,0.17,0.09,0.146,0.192,0.228,0.364,0.18,0.138,0.198,0.166,0.16,0.22,0.17,0.174,0.192,0.222,0.226,0.16,0.444,0.206,0.166,0.288,0.172,0.236,0.128,0.148,0.174,0.232,0.222,0.16,0.134,0.224,0.234,0.178,0.168,0.232,0.206,0.154,0.208,0.264,0.196,0.128,0.254,0.184,0.138,0.168,0.154,0.156,0.162,0.202,0.24,0.172,0.162,0.194,0.196,0.14,0.182,0.12,0.194,0.218,0.202,1.0,0.172,0.148,0.164,0.174,0.13,0.202,0.23,0.184,0.16,0.208,0.234,0.212,0.198,0.228,0.17,0.18,0.176,0.236,0.156,0.138,0.194,0.214,0.274,0.194,0.18,0.166,0.178,0.162,0.168,0.15,0.318
0.168,0.178,0.204,0.204,0.168,0.318,0.244,0.162,0.338,0.25,0.2,0.292,0.22,0.154,0.224,0.31,0.16,0.226,0.166,0.27,0.284,0.214,0.29,0.272,0.204,0.194,0.206,0.22,0.198,0.27,0.166,0.214,0.334,0.338,0.168,0.174,0.174,0.25,0.314,0.202,0.164,0.242,0.166,0.24,0.212,0.208,0.178,0.3,0.216,0.162,0.314,0.222,0.2,0.156,0.306,0.16,0.24,0.308,0.158,0.346,0.192,0.196,0.194,0.176,0.232,0.194,0.192,0.12,0.352,0.158,0.306,0.228,0.21,0.284,0.172,1.0,0.166,0.352,0.158,0.274,0.168,0.194,0.2,0.146,0.184,0.26,0.2,0.186,0.27,0.16,0.366,0.24,0.26,0.212,0.232,0.154,0.16,0.226,0.202,0.212,0.198,0.274,0.29,0.304,0.22,0.194
0.232,0.202,0.208,0.246,0.174,0.162,0.176,0.166,0.16,0.17,0.144,0.162,0.242,0.17,0.116,0.182,0.168,0.202,0.162,0.164,0.162,0.242,0.136,0.158,0.174,0.22,0.222,0.152,0.218,0.146,0.134,0.152,0.168,0.176,0.136,0.196,0.198,0.218,0.17,0.164,0.224,0.114,0.172,0.15,0.202,0.17,0.19,0.166,0.204,0.176,0.164,0.218,0.184,0.174,0.17,0.128,0.208,0.164,0.124,0.14,0.13,0.174,0.21,0.206,0.224,0.14,0.246,0.152,0.146,0.17,0.148,0.218,0.198,0.238,0.148,0.166,1.0,0.166,0.168,0.162,0.2,0.184,0.2,0.184,0.132,0.228,0.188,0.192,0.196,0.22,0.236,0.18,0.204,0.196,0.172,0.17,0.178,0.192,0.212,0.156,0.174,0.144,0.168,0.178,0.176,0.16
0.12,0.166,0.224,0.322,0.174,0.456,0.172,0.15,0.492,0.344,0.148,0.43,0.148,0.146,0.308,0.3,0.124,0.18,0.14,0.364,0.382,0.298,0.306,0.356,0.178,0.206,0.346,0.168,0.164,0.232,0.106,0.136,0.424,0.418,0.188,0.216,0.228,0.276,0.41,0.188,0.178,0.234,0.128,0.308,0.206,0.244,0.14,0.412,0.19,0.114,0.33,0.184,0.174,0.128,0.464,0.146,0.252,0.448,0.14,0.262,0.134,0.168,0.234,0.144,0.286,0.14,0.15,0.122,0.412,0.124,0.354,0.15,0.178,0.32,0.164,0.352,0.166,1.0,0.122,0.42,0.134,0.172,0.194,0.116,0.172,0.204,0.18,0.126,0.232,0.188,0.396,0.264,0.18,0.258,0.29,0.114,0.15,0.172,0.18,0.17,0.178,0.34,0.248,0.332,0.258,0.198
0.21,0.306,0.288,0.158,0.158,0.104,0.292,0.134,0.128,0.164,0.204,0.1,0.252,0.124,0.12,0.176,0.59,0.31,0.21,0.162,0.128,0.186,0.154,0.168,0.238,0.256,0.174,0.43,0.246,0.226,0.21,0.224,0.144,0.126,0.186,0.204,0.28,0.174,0.166,0.26,0.286,0.162,0.268,0.142,0.252,0.208,0.376,0.138,0.242,0.276,0.17,0.218,0.242,0.57,0.108,0.182,0.222,0.128,0.434,0.188,0.42,0.47,0.26,0.294,0.188,0.47,0.206,0.614,0.138,0.528,0.14,0.266,0.244,0.21,0.174,0.158,0.168,0.122,1.0,0.116,0.266,0.322,0.22,0.234,0.536,0.234,0.236,0.224,0.302,0.214,0.134,0.2,0.272,0.26,0.154,0.452,0.276,0.262,0.268,0.288,0.234,0.182,0.194,0.194,0.212,0.178
0.106,0.15,0.178,0.312,0.144,0.496,0.166,0.134,0.478,0.362,0.144,0.57,0.138,0.138,0.326,0.254,0.112,0.21,0.124,0.346,0.34,0.348,0.222,0.358,0.226,0.25,0.434,0.16,0.182,0.19,0.09,0.124,0.336,0.402,0.168,0.236,0.194,0.326,0.502,0.18,0.166,0.194,0.1,0.306,0.224,0.21,0.134,0.388,0.206,0.146,0.272,0.2,0.196,0.124,0.468,0.15,0.278,0.486,0.148,0.24,0.124,0.152,0.208,0.136,0.28,0.136,0.158,0.118,0.384,0.13,0.322,0.172,0.202,0.296,0.13,0.274,0.162,0.42,0.116,1.0,0.122,0.198,0.214,0.106,0.17,0.19,0.21,0.11,0.19,0.16,0.336,0.256,0.162,0.242,0.276,0.114,0.154,0.164,0.208,0.168,0.16,0.292,0.254,0.316,0.228,0.142
0.264,0.264,0.246,0.194,0.182,0.134,0.282,0.206,0.148,0.162,0.2,0.116,0.302,0.148,0.108,0.192,0.246,0.268,0.228,0.154,0.156,0.246,0.138,0.15,0.256,0.232,0.192,0.25,0.258,0.206,0.202,0.202,0.192,0.156,0.208,0.192,0.25,0.204,0.17,0.242,0.232,0.174,0.268,0.162,0.276,0.256,0.282,0.168,0.28,0.248,0.194,0.258,0.254,0.296,0.142,0.126,0.22,0.156,0.27,0.18,0.246,0.28,0.244,0.274,0.196,0.24,0.26,0.278,0.138,0.268,0.162,0.254,0.264,0.244,0.202,0.168,0.2,0.134,0.266,0.122,1.0,0.276,0.212,0.276,0.262,0.268,0.256,0.266,0.274,0.226,0.19,0.22,0.296,0.214,0.146,0.276,0.304,0.276,0.262,0.23,0.21,0.186,0.244,0.214,0.156,0.206
0.208,0.348,0.33,0.224,0.226,0.184,0.35,0.19,0.19,0.228,0.478,0.174,0.268,0.162,0.16,0.194,0.26,0.364,0.272,0.212,0.176,0.258,0.208,0.226,0.346,0.306,0.232,0.288,0.316,0.202,0.188,0.27,0.196,0.184,0.252,0.26,0.342,0.236,0.236,0.348,0.264,0.208,0.252,0.208,0.354,0.262,0.274,0.174,0.352,0.254,0.164,0.31,0.318,0.294,0.188,0.158,0.264,0.2,0.232,0.2,0.24,0.33,0.292,0.334,0.228,0.258,0.24,0.312,0.188,0.3,0.172,0.344,0.318,0.262,0.23,0.194,0.184,0.172,0.322,0.198,0.276,1.0,0.274,0.246,0.272,0.276,0.328,0.26,0.372,0.23,0.178,0.286,0.342,0.306,0.166,0.302,0.32,0.312,0.362,0.232,0.224,0.202,0.218,0.24,0.24,0.262
0.192,0.268,0.294,0.238,0.234,0.232,0.332,0.25,0.196,0.234,0.228,0.214,0.248,0.114,0.162,0.188,0.236,0.294,0.222,0.198,0.196,0.31,0.18,0.218,0.416,0.27,0.266,0.21,0.432,0.162,0.214,0.23,0.202,0.188,0.222,0.238,0.266,0.224,0.188,0.272,0.234,0.21,0.208,0.182,0.498,0.194,0.278,0.2,0.418,0.368,0.214,0.28,0.372,0.23,0.184,0.11,0.268,0.202,0.196,0.216,0.19,0.24,0.278,0.296,0.198,0.194,0.266,0.208,0.214,0.254,0.196,0.26,0.45,0.26,0.184,0.2,0.2,0.194,0.22,0.214,0.212,0.274,1.0,0.2,0.204,0.218,0.432,0.234,0.252,0.222,0.19,0.204,0.244,0.238,0.216,0.27,0.292,0.396,0.266,0.21,0.214,0.23,0.226,0.232,0.17,0.218
0.246,0.22,0.234,0.168,0.152,0.104,0.248,0.148,0.126,0.15,0.174,0.096,0.294,0.162,0.114,0.166,0.23,0.214,0.196,0.154,0.11,0.186,0.12,0.154,0.23,0.202,0.154,0.206,0.24,0.172,0.194,0.164,0.132,0.134,0.158,0.172,0.21,0.19,0.116,0.204,0.232,0.17,0.266,0.106,0.236,0.2,0.254,0.098,0.264,0.228,0.178,0.236,0.218,0.252,0.114,0.114,0.218,0.12,0.206,0.16,0.208,0.26,0.196,0.222,0.164,0.204,0.248,0.226,0.118,0.23,0.148,0.22,0.246,0.192,0.16,0.146,0.184,0.116,0.234,0.106,0.276,0.246,0.2,1.0,0.19,0.258,0.24,0.286,0.24,0.212,0.122,0.156,0.288,0.196,0.128,0.242,0.246,0.238,0.218,0.21,0.182,0.15,0.202,0.16,0.174,0.166
0.166,0.272,0.25,0.154,0.136,0.166,0.284,0.15,0.168,0.182,0.166,0.152,0.206,0.142,0.118,0.23,0.426,0.236,0.184,0.182,0.192,0.182,0.184,0.186,0.216,0.206,0.162,0.562,0.212,0.212,0.21,0.166,0.258,0.174,0.188,0.238,0.246,0.146,0.2,0.228,0.322,0.224,0.23,0.182,0.232,0.238,0.254,0.208,0.214,0.22,0.222,0.202,0.228,0.474,0.164,0.122,0.2,0.17,0.576,0.222,0.43,0.29,0.264,0.266,0.18,0.462,0.18,0.5,0.204,0.386,0.2,0.208,0.228,0.212,0.208,0.184,0.132,0.172,0.536,0.17,0.262,0.272,0.204,0.19,1.0,0.232,0.218,0.184,0.284,0.196,0.24,0.264,0.218,0.208,0.21,0.36,0.296,0.234,0.228,0.474,0.188,0.256,0.21,0.216,0.152,0.154
0.244,0.278,0.272,0.222,0.21,0.2,0.282,0.22,0.214,0.218,0.252,0.188,0.292,0.152,0.134,0.246,0.246,0.264,0.246,0.224,0.214,0.24,0.238,0.228,0.296,0.244,0.214,0.212,0.262,0.246,0.21,0.244,0.228,0.226,0.242,0.258,0.25,0.232,0.2,0.244,0.248,0.17,0.24,0.162,0.26,0.23,0.254,0.198,0.296,0.224,0.262,0.302,0.276,0.258,0.186,0.202,0.244,0.196,0.198,0.246,0.2,0.248,0.226,0.258,0.264,0.192,0.278,0.224,0.218,0.222,0.206,0.284,0.276,0.286,0.234,0.26,0.228,0.204,0.234,0.19,0.268,0.276,0.218,0.258,0.232,1.0,0.27,0.264,0.324,0.282,0.23,0.238,0.302,0.25,0.212,0.232,0.218,0.274,0.246,0.208,0.27,0.268,0.22,0.242,0.244,0.276
0.214,0.266,0.298,0.23,0.19,0.206,0.452,0.252,0.172,0.214,0.292,0.202,0.272,0.136,0.14,0.178,0.264,0.264,0.22,0.21,0.174,0.25,0.186,0.22,0.598,0.278,0.234,0.208,0.546,0.22,0.22,0.232,0.18,0.208,0.214,0.27,0.258,0.214,0.186,0.286,0.256,0.194,0.24,0.16,0.638,0.214,0.34,0.172,0.6,0.494,0.192,0.27,0.59,0.242,0.182,0.154,0.256,0.196,0.198,0.202,0.206,0.252,0.26,0.264,0.2,0.188,0.272,0.214,0.202,0.248,0.182,0.278,0.692,0.25,0.212,0.2,0.188,0.18,0.236,0.21,0.256,0.328,0.432,0.24,0.218,0.27,1.0,0.252,0.328,0.254,0.162,0.242,0.32,0.228,0.196,0.244,0.264,0.404,0.24,0.222,0.212,0.22,0.202,0.22,0.202,0.256
0.242,0.258,0.248,0.17,0.156,0.106,0.256,0.19,0.118,0.156,0.216,0.1,0.306,0.14,0.122,0.196,0.23,0.218,0.192,0.15,0.136,0.204,0.17,0.152,0.246,0.204,0.16,0.186,0.268,0.18,0.196,0.204,0.16,0.154,0.18,0.204,0.248,0.178,0.122,0.234,0.252,0.18,0.262,0.124,0.274,0.21,0.234,0.142,0.262,0.24,0.186,0.238,0.258,0.238,0.102,0.148,0.198,0.096,0.198,0.192,0.202,0.23,0.228,0.262,0.166,0.182,0.274,0.22,0.134,0.238,0.136,0.228,0.264,0.202,0.198,0.186,0.192,0.126,0.224,0.11,0.266,0.26,0.234,0.286,0.184,0.264,0.252,1.0,0.25,0.222,0.132,0.172,0.28,0.206,0.142,0.232,0.25,0.288,0.192,0.194,0.194,0.164,0.178,0.168,0.212,0.194
0.23,0.298,0.288,0.22,0.192,0.214,0.368,0.196,0.212,0.22,0.35,0.182,0.262,0.16,0.152,0.252,0.31,0.296,0.232,0.212,0.202,0.228,0.256,0.212,0.32,0.264,0.196,0.28,0.304,0.24,0.18,0.26,0.208,0.234,0.268,0.256,0.278,0.232,0.208,0.306,0.29,0.21,0.28,0.168,0.286,0.274,0.286,0.206,0.342,0.256,0.22,0.29,0.31,0.296,0.216,0.174,0.254,0.228,0.24,0.238,0.284,0.296,0.272,0.31,0.228,0.266,0.228,0.254,0.24,0.308,0.216,0.324,0.314,0.316,0.228,0.27,0.196,0.232,0.302,0.19,0.274,0.372,0.252,0.24,0.284,0.324,0.328,0.25,1.0,0.244,0.216,0.282,0.342,0.244,0.206,0.316,0.266,0.324,0.298,0.26,0.246,0.254,0.24,0.27,0.226,0.256
0.244,0.24,0.264,0.194,0.164,0.156,0.24,0.152,0.17,0.168,0.192,0.142,0.272,0.14,0.106,0.198,0.214,0.24,0.178,0.174,0.18,0.222,0.148,0.174,0.236,0.22,0.206,0.186,0.24,0.168,0.166,0.172,0.192,0.18,0.168,0.236,0.224,0.204,0.158,0.236,0.238,0.154,0.236,0.156,0.254,0.236,0.214,0.154,0.26,0.218,0.204,0.242,0.244,0.212,0.144,0.18,0.206,0.162,0.166,0.196,0.162,0.224,0.226,0.24,0.22,0.158,0.23,0.212,0.162,0.214,0.158,0.228,0.262,0.222,0.17,0.16,0.22,0.188,0.214,0.16,0.226,0.23,0.222,0.212,0.196,0.282,0.254,0.222,0.244,1.0,0.216,0.182,0.232,0.222,0.192,0.21,0.2,0.266,0.22,0.186,0.23,0.16,0.166,0.194,0.198,0.196
0.18,0.202,0.196,0.24,0.178,0.36,0.206,0.166,0.362,0.308,0.158,0.336,0.172,0.128,0.228,0.304,0.148,0.21,0.166,0.324,0.386,0.288,0.276,0.314,0.166,0.222,0.256,0.216,0.188,0.244,0.142,0.156,0.618,0.352,0.186,0.162,0.204,0.238,0.374,0.198,0.162,0.222,0.12,0.332,0.202,0.228,0.166,0.382,0.184,0.144,0.27,0.22,0.192,0.18,0.344,0.162,0.258,0.366,0.19,0.27,0.174,0.18,0.198,0.168,0.28,0.184,0.16,0.182,0.396,0.176,0.332,0.192,0.184,0.352,0.18,0.366,0.236,0.396,0.134,0.336,0.19,0.178,0.19,0.122,0.24,0.23,0.162,0.132,0.216,0.216,1.0,0.238,0.164,0.26,0.27,0.164,0.224,0.2,0.192,0.222,0.218,0.31,0.252,0.328,0.206,0.168
0.158,0.258,0.24,0.204,0.168,0.276,0.286,0.174,0.242,0.212,0.18,0.242,0.192,0.15,0.194,0.268,0.204,0.22,0.176,0.23,0.246,0.236,0.268,0.224,0.23,0.22,0.232,0.264,0.202,0.236,0.138,0.188,0.234,0.262,0.192,0.246,0.25,0.23,0.286,0.314,0.242,0.206,0.176,0.22,0.236,0.258,0.23,0.224,0.236,0.18,0.272,0.204,0.236,0.23,0.27,0.118,0.222,0.286,0.21,0.232,0.214,0.238,0.5,0.206,0.226,0.234,0.2,0.232,0.244,0.238,0.246,0.202,0.234,0.252,0.176,0.24,0.18,0.264,0.2,0.256,0.22,0.286,0.204,0.156,0.264,0.238,0.242,0.172,0.282,0.182,0.238,1.0,0.206,0.244,0.222,0.232,0.248,0.236,0.256,0.25,0.194,0.276,0.26,0.272,0.206,0.206
0.25,0.278,0.302,0.21,0.226,0.164,0.34,0.242,0.18,0.2,0.318,0.158,0.288,0.164,0.13,0.178,0.278,0.312,0.262,0.21,0.152,0.23,0.196,0.208,0.338,0.244,0.206,0.222,0.348,0.228,0.246,0.242,0.184,0.192,0.208,0.252,0.276,0.21,0.188,0.296,0.254,0.166,0.254,0.162,0.308,0.23,0.272,0.172,0.36,0.25,0.21,0.326,0.282,0.238,0.15,0.17,0.234,0.152,0.196,0.202,0.238,0.278,0.224,0.296,0.218,0.206,0.282,0.228,0.182,0.286,0.152,0.302,0.33,0.23,0.236,0.26,0.204,0.18,0.272,0.162,0.296,0.342,0.244,0.288,0.218,0.302,0.32,0.28,0.342,0.232,0.164,0.206,1.0,0.224,0.194,0.282,0.254,0.354,0.284,0.22,0.204,0.21,0.296,0.19,0.216,0.236
0.158,0.276,0.278,0.262,0.226,0.288,0.298,0.156,0.332,0.274,0.216,0.256,0.206,0.154,0.25,0.262,0.242,0.276,0.22,0.27,0.294,0.358,0.202,0.276,0.248,0.346,0.33,0.21,0.212,0.216,0.16,0.19,0.31,0.268,0.22,0.216,0.302,0.324,0.324,0.314,0.244,0.182,0.216,0.214,0.264,0.216,0.254,0.248,0.242,0.196,0.216,0.266,0.244,0.264,0.29,0.168,0.322,0.32,0.19,0.236,0.172,0.278,0.256,0.268,0.342,0.19,0.186,0.306,0.276,0.25,0.29,0.218,0.238,0.35,0.156,0.212,0.196,0.258,0.26,0.242,0.214,0.306,0.238,0.196,0.208,0.25,0.228,0.206,0.244,0.222,0.26,0.244,0.224,1.0,0.184,0.234,0.3,0.234,0.28,0.192,0.214,0.194,0.204,0.346,0.286,0.196
0.16,0.218,0.204,0.218,0.13,0.28,0.196,0.136,0.292,0.232,0.136,0.264,0.16,0.094,0.236,0.228,0.17,0.18,0.132,0.224,0.262,0.246,0.254,0.24,0.182,0.16,0.21,0.22,0.2,0.186,0.146,0.12,0.232,0.272,0.186,0.218,0.172,0.198,0.25,0.204,0.206,0.194,0.13,0.296,0.21,0.252,0.162,0.276,0.202,0.162,0.252,0.228,0.206,0.166,0.258,0.094,0.198,0.29,0.188,0.24,0.196,0.162,0.23,0.216,0.206,0.202,0.178,0.156,0.262,0.178,0.212,0.186,0.21,0.246,0.138,0.232,0.172,0.29,0.154,0.276,0.146,0.166,0.216,0.128,0.21,0.212,0.196,0.142,0.206,0.192,0.27,0.222,0.194,0.184,1.0,0.164,0.184,0.214,0.174,0.21,0.186,0.284,0.248,0.222,0.152,0.188
0.232,0.298,0.318,0.186,0.164,0.114,0.372,0.19,0.114,0.152,0.23,0.094,0.244,0.11,0.122,0.194,0.468,0.278,0.224,0.138,0.122,0.206,0.164,0.146,0.282,0.268,0.162,0.33,0.266,0.222,0.216,0.23,0.178,0.13,0.162,0.192,0.27,0.174,0.15,0.278,0.298,0.154,0.304,0.142,0.266,0.226,0.332,0.14,0.26,0.338,0.162,0.27,0.238,0.358,0.12,0.172,0.228,0.126,0.346,0.16,0.364,0.37,0.298,0.346,0.21,0.396,0.232,0.45,0.124,0.794,0.136,0.272,0.27,0.198,0.194,0.154,0.17,0.114,0.452,0.114,0.276,0.302,0.27,0.242,0.36,0.232,0.244,0.232,0.316,0.21,0.164,0.232,0.282,0.234,0.164,1.0,0.318,0.352,0.278,0.276,0.234,0.186,0.216,0.192,0.2,0.182
0.212,0.302,0.288,0.242,0.202,0.162,0.36,0.238,0.158,0.204,0.212,0.144,0.248,0.144,0.158,0.21,0.276,0.282,0.21,0.196,0.154,0.24,0.17,0.182,0.282,0.244,0.204,0.234,0.29,0.162,0.192,0.19,0.238,0.154,0.186,0.198,0.282,0.208,0.2,0.332,0.222,0.212,0.244,0.186,0.276,0.278,0.304,0.2,0.284,0.246,0.196,0.256,0.272,0.31,0.164,0.144,0.218,0.176,0.246,0.206,0.22,0.312,0.298,0.284,0.214,0.224,0.25,0.36,0.192,0.302,0.18,0.254,0.306,0.226,0.214,0.16,0.178,0.15,0.276,0.154,0.304,0.32,0.292,0.246,0.296,0.218,0.264,0.25,0.266,0.2,0.224,0.248,0.254,0.3,0.184,0.318,1.0,0.376,0.278,0.228,0.198,0.224,0.22,0.258,0.196,0.17
0.252,0.294,0.344,0.262,0.208,0.178,0.444,0.242,0.158,0.198,0.308,0.142,0.274,0.14,0.106,0.24,0.278,0.316,0.26,0.19,0.184,0.266,0.236,0.186,0.448,0.272,0.22,0.238,0.458,0.196,0.24,0.276,0.208,0.196,0.228,0.228,0.272,0.194,0.198,0.308,0.284,0.22,0.262,0.21,0.428,0.224,0.37,0.192,0.466,0.428,0.222,0.312,0.4,0.246,0.138,0.152,0.238,0.18,0.208,0.21,0.232,0.284,0.27,0.342,0.22,0.22,0.27,0.23,0.218,0.334,0.172,0.334,0.498,0.278,0.274,0.226,0.192,0.172,0.262,0.164,0.276,0.312,0.396,0.238,0.234,0.274,0.404,0.288,0.324,0.266,0.2,0.236,0.354,0.234,0.214,0.352,0.376,1.0,0.29,0.262,0.222,0.198,0.248,0.234,0.192,0.228
0.192,0.262,0.292,0.23,0.272,0.216,0.294,0.176,0.198,0.21,0.266,0.2,0.256,0.154,0.132,0.224,0.24,0.668,0.238,0.21,0.164,0.292,0.172,0.194,0.264,0.464,0.268,0.252,0.264,0.186,0.16,0.28,0.196,0.214,0.252,0.226,0.254,0.242,0.238,0.32,0.276,0.178,0.206,0.22,0.282,0.224,0.268,0.196,0.254,0.216,0.192,0.474,0.262,0.246,0.212,0.158,0.272,0.214,0.194,0.214,0.222,0.28,0.278,0.446,0.268,0.232,0.256,0.244,0.176,0.28,0.182,0.486,0.262,0.33,0.194,0.202,0.212,0.18,0.268,0.208,0.262,0.362,0.266,0.218,0.228,0.246,0.24,0.192,0.298,0.22,0.192,0.256,0.284,0.28,0.174,0.278,0.278,0.29,1.0,0.24,0.218,0.19,0.182,0.266,0.204,0.202
0.196,0.268,0.242,0.158,0.134,0.176,0.246,0.116,0.18,0.164,0.15,0.17,0.216,0.142,0.132,0.236,0.278,0.252,0.2,0.174,0.186,0.192,0.228,0.166,0.224,0.182,0.16,0.586,0.24,0.218,0.228,0.18,0.22,0.18,0.186,0.224,0.222,0.148,0.18,0.23,0.462,0.256,0.23,0.198,0.25,0.196,0.322,0.184,0.218,0.246,0.21,0.226,0.24,0.294,0.176,0.1,0.206,0.18,0.436,0.208,0.466,0.328,0.258,0.262,0.162,0.474,0.198,0.268,0.206,0.302,0.204,0.222,0.246,0.234,0.18,0.212,0.156,0.17,0.288,0.168,0.23,0.232,0.21,0.21,0.474,0.208,0.222,0.194,0.26,0.186,0.222,0.25,0.22,0.192,0.21,0.276,0.228,0.262,0.24,1.0,0.198,0.204,0.21,0.22,0.16,0.15
0.198,0.288,0.254,0.204,0.186,0.184,0.226,0.142,0.216,0.168,0.166,0.166,0.21,0.104,0.166,0.196,0.272,0.238,0.194,0.178,0.202,0.224,0.192,0.178,0.222,0.23,0.168,0.194,0.196,0.298,0.148,0.17,0.202,0.164,0.176,0.204,0.256,0.22,0.188,0.194,0.214,0.176,0.192,0.206,0.214,0.224,0.316,0.176,0.22,0.262,0.176,0.29,0.216,0.294,0.17,0.27,0.22,0.182,0.198,0.214,0.196,0.328,0.242,0.232,0.242,0.208,0.204,0.292,0.194,0.266,0.21,0.222,0.206,0.252,0.166,0.198,0.174,0.178,0.234,0.16,0.21,0.224,0.214,0.182,0.188,0.27,0.212,0.194,0.246,0.23,0.218,0.194,0.204,0.214,0.186,0.234,0.198,0.222,0.218,0.198,1.0,0.192,0.2,0.23,0.266,0.206
0.172,0.214,0.218,0.22,0.154,0.286,0.23,0.182,0.326,0.242,0.168,0.3,0.184,0.13,0.2,0.218,0.2,0.186,0.156,0.232,0.24,0.24,0.23,0.232,0.232,0.184,0.224,0.21,0.186,0.222,0.192,0.15,0.376,0.272,0.212,0.234,0.228,0.218,0.356,0.228,0.214,0.188,0.166,0.204,0.222,0.228,0.176,0.436,0.212,0.15,0.34,0.216,0.2,0.206,0.26,0.114,0.224,0.288,0.204,0.316,0.192,0.194,0.24,0.204,0.266,0.186,0.214,0.186,0.278,0.186,0.244,0.172,0.196,0.244,0.178,0.274,0.144,0.34,0.182,0.292,0.186,0.202,0.23,0.15,0.256,0.268,0.22,0.164,0.254,0.16,0.31,0.276,0.21,0.194,0.284,0.186,0.224,0.198,0.19,0.204,0.192,1.0,0.268,0.224,0.19,0.2
0.17,0.214,0.228,0.2,0.144,0.266,0.236,0.156,0.278,0.244,0.156,0.264,0.196,0.156,0.202,0.236,0.196,0.2,0.166,0.254,0.254,0.208,0.23,0.244,0.216,0.21,0.194,0.234,0.228,0.206,0.166,0.17,0.234,0.238,0.18,0.198,0.196,0.272,0.276,0.244,0.176,0.226,0.178,0.222,0.212,0.256,0.202,0.236,0.258,0.18,0.264,0.176,0.21,0.182,0.296,0.124,0.214,0.31,0.212,0.274,0.232,0.21,0.246,0.196,0.178,0.22,0.208,0.176,0.284,0.226,0.274,0.188,0.214,0.224,0.162,0.29,0.168,0.248,0.194,0.254,0.244,0.218,0.226,0.202,0.21,0.22,0.202,0.178,0.24,0.166,0.252,0.26,0.296,0.204,0.248,0.216,0.22,0.248,0.182,0.21,0.2,0.268,1.0,0.266,0.164,0.158
0.14,0.236,0.25,0.294,0.19,0.354,0.246,0.162,0.338,0.3,0.18,0.314,0.22,0.144,0.232,0.396,0.184,0.266,0.206,0.318,0.318,0.342,0.236,0.296,0.228,0.284,0.28,0.216,0.188,0.194,0.116,0.194,0.324,0.324,0.228,0.23,0.258,0.356,0.352,0.244,0.186,0.208,0.178,0.234,0.244,0.26,0.234,0.292,0.224,0.164,0.262,0.228,0.22,0.212,0.336,0.182,0.318,0.374,0.184,0.288,0.192,0.232,0.266,0.218,0.304,0.19,0.186,0.194,0.36,0.2,0.366,0.192,0.22,0.394,0.168,0.304,0.178,0.332,0.194,0.316,0.214,0.24,0.232,0.16,0.216,0.242,0.22,0.168,0.27,0.194,0.328,0.272,0.19,0.346,0.222,0.192,0.258,0.234,0.266,0.22,0.23,0.224,0.266,1.0,0.25,0.188
0.208,0.226,0.21,0.266,0.166,0.23,0.198,0.158,0.27,0.27,0.198,0.214,0.184,0.142,0.236,0.23,0.22,0.218,0.184,0.284,0.204,0.29,0.2,0.274,0.218,0.238,0.262,0.14,0.202,0.276,0.134,0.162,0.234,0.276,0.18,0.234,0.252,0.284,0.234,0.194,0.212,0.164,0.194,0.164,0.212,0.206,0.228,0.232,0.22,0.186,0.192,0.22,0.204,0.21,0.222,0.254,0.25,0.23,0.144,0.2,0.146,0.25,0.21,0.192,0.288,0.14,0.198,0.232,0.226,0.236,0.22,0.168,0.206,0.33,0.15,0.22,0.176,0.258,0.212,0.228,0.156,0.24,0.17,0.174,0.152,0.244,0.202,0.212,0.226,0.198,0.206,0.206,0.216,0.286,0.152,0.2,0.196,0.192,0.204,0.16,0.266,0.19,0.164,0.25,1.0,0.204
0.18,0.268,0.244,0.184,0.3,0.154,0.242,0.292,0.146,0.172,0.34,0.164,0.21,0.156,0.088,0.168,0.192,0.22,0.332,0.174,0.172,0.204,0.22,0.182,0.246,0.208,0.178,0.142,0.216,0.198,0.15,0.3,0.182,0.178,0.394,0.21,0.25,0.188,0.158,0.242,0.224,0.16,0.2,0.13,0.258,0.208,0.196,0.146,0.258,0.194,0.158,0.244,0.22,0.184,0.142,0.288,0.222,0.158,0.118,0.196,0.132,0.196,0.2,0.22,0.234,0.12,0.19,0.16,0.164,0.182,0.16,0.222,0.234,0.246,0.318,0.194,0.16,0.198,0.178,0.142,0.206,0.262,0.218,0.166,0.154,0.276,0.256,0.194,0.256,0.196,0.168,0.206,0.236,0.196,0.188,0.182,0.17,0.228,0.202,0.15,0.206,0.2,0.158,0.188,0.204,1.0
